SKU,Description,Fixed MSRP,Component1,Component Description,Componenet FOB,Component MSRP ,Component2,Component Description,Componenet FOB,Component MSRP 
SB-2DB24,"Shaker Sage Breeze - 2-Drawer Base Cabinet - 24""W x 34-1/2""H x 24""D - 2Drw",698,SB-DS-2DB24,Door Set SB-2DB24,24.633,160,UBX-2DB24,Cabinet Box for 2DB24,82.467,538
SB-2DB30,"Shaker Sage Breeze - 2-Drawer Base Cabinet - 30""W x 34-1/2""H x 24""D - 2Drw",783,SB-DS-2DB30,Door Set SB-2DB30,29.628,191,UBX-2DB30,Cabinet Box for 2DB30,91.746,592
SB-2DB36,"Shaker Sage Breeze - 2-Drawer Base Cabinet - 36""W x 34-1/2""H x 24""D - 2Drw",851,SB-DS-2DB36,Door Set SB-2DB36,34.623,217,UBX-2DB36,Cabinet Box for 2DB36,101.016,634
SB-3DB12,"Shaker Sage Breeze - Drawer Base Cabinet - 12""W x 34-1/2""H x 24""D - 3DRW",563,SB-DS-3DB12/3VDB12,Door Set SB-3DB12/3VDB12,15.408,101,UBX-3DB12,Cabinet Box for 3DB12,74.565,462
SB-3DB15,"Shaker Sage Breeze - Drawer Base Cabinet - 15""W x 34-1/2""H x 24""D - 3DRW",634,SB-DS-3DB15/3VDB15,Door Set SB-3DB15/3VDB15,18.216,120,UBX-3DB15,Cabinet Box for 3DB15,78.894,514
SB-3DB18,"Shaker Sage Breeze - Drawer Base Cabinet - 18""W x 34-1/2""H x 24""D - 3DRW",674,SB-DS-3DB18/3VDB18,Door Set SB-3DB18/3VDB18,21.024,139,UBX-3DB18,Cabinet Box for 3DB18,83.232,535
SB-3DB21,"Shaker Sage Breeze - Drawer Base Cabinet - 21""W x 34-1/2""H x 24""D - 3DRW",694,SB-DS-3DB21/3VDB21,Door Set SB-3DB21/3VDB21,23.841,157,UBX-3DB21,Cabinet Box for 3DB21,87.561,537
SB-3DB24,"Shaker Sage Breeze - Drawer Base Cabinet - 24""W x 34-1/2""H x 24""D - 3DRW",733,SB-DS-3DB24/3VDB24,Door Set SB-3DB24/3VDB24,26.685,182,UBX-3DB24,Cabinet Box for 3DB24,91.953,551
SB-3DB27,"Shaker Sage Breeze - Drawer Base Cabinet - 27""W x 34-1/2""H x 24""D - 3DRW",792,SB-DS-3DB27,Door Set SB-3DB27,29.493,185,UBX-3DB27,Cabinet Box for 3DB27,96.759,607
SB-3DB30,"Shaker Sage Breeze - Drawer Base Cabinet - 30""W x 34-1/2""H x 24""D - 3DRW",850,SB-DS-3DB30,Door Set SB-3DB30,32.31,205,UBX-3DB30,Cabinet Box for 3DB30,101.556,645
SB-3DB33,"Shaker Sage Breeze - Drawer Base Cabinet - 33""W x 34-1/2""H x 24""D - 3DRW",881,SB-DS-3DB33,Door Set SB-3DB33,35.118,218,UBX-3DB33,Cabinet Box for 3DB33,106.362,663
SB-3DB36,"Shaker Sage Breeze - Drawer Base Cabinet - 36""W x 34-1/2""H x 24""D - 3DRW",934,SB-DS-3DB36,Door Set SB-3DB36,37.926,237,UBX-3DB36,Cabinet Box for 3DB36,111.159,697
SB-B12,"Shaker Sage Breeze - Base Cabinet - 12""W x 34-1/2""H x 24""D - 1D, 1Drw, 1S",376,SB-DS-B12,Door Set SB-B12,16.173,112,UBX-B12,Cabinet Box for B12,37.701,264
SB-B15,"Shaker Sage Breeze - Base Cabinet - 15""W x 34-1/2""H x 24""D - 1D, 1Drw, 1S",426,SB-DS-B15,Door Set SB-B15,18.522,134,UBX-B15,Cabinet Box for B15,40.149,292
SB-B18,"Shaker Sage Breeze - Base Cabinet - 18""W x 34-1/2""H x 24""D - 1D, 1Drw, 1S",458,SB-DS-B18,Door Set SB-B18,20.871,150,UBX-B18,Cabinet Box for B18,42.606,308
SB-B21,"Shaker Sage Breeze - Base Cabinet - 21""W x 34-1/2""H x 24""D - 1D, 1Drw, 1S",506,SB-DS-B21,Door Set SB-B21,23.22,172,UBX-B21,Cabinet Box for B21,45.063,334
SB-B24,"Shaker Sage Breeze - Base Cabinet - 24""W x 34-1/2""H x 24""D - 2D, 1Drw, 1S",551,SB-DS-B24,Door Set SB-B24,29.151,209,UBX-B24,Cabinet Box for B24,47.394,342
SB-B27,"Shaker Sage Breeze - Base Cabinet - 27""W x 34-1/2""H x 24""D - 2D, 1Drw, 1S",613,SB-DS-B27,Door Set SB-B27,31.491,236,UBX-B27,Cabinet Box for B27,50.247,377
SB-B30,"Shaker Sage Breeze - Base Cabinet - 30""W x 34-1/2""H x 24""D - 2D, 2Drw, 1S",717,SB-DS-B30,Door Set SB-B30,34.479,248,UBX-B30,Cabinet Box for B30,64.989,469
SB-B33,"Shaker Sage Breeze - Base Cabinet - 33""W x 34-1/2""H x 24""D - 2D, 2Drw, 1S",753,SB-DS-B33,Door Set SB-B33,36.828,264,UBX-B33,Cabinet Box for B33,67.86,489
SB-B36,"Shaker Sage Breeze - Base Cabinet - 36""W x 34-1/2""H x 24""D - 2D, 2Drw, 1S",805,SB-DS-B36,Door Set SB-B36,39.168,286,UBX-B36,Cabinet Box for B36,70.74,519
SB-B42,"Shaker Sage Breeze - Base Cabinet - 42""W x 34-1/2""H x 24""D - 2D, 2Drw, 1S",860,SB-DS-B42,Door Set SB-B42,45.558,321,UBX-B42,Cabinet Box for B42,76.374,539
SB-BBC36,"Shaker Sage Breeze - Blind Base Corner Cabinet - 33""W x 34-1/2""H x 24""D -1D, 1Drw, 1S *Install range 37"" min., 40"" max; Specify Left-hinge or Right Hinge assembly",506,SB-DS-BBC36,Door Set SB-BBC36,29.961,192,UBX-BBC36,Cabinet Box for BBC36,48.771,314
SB-BBC39,"Shaker Sage Breeze - Blind Base Corner Cabinet - 36""W x 34-1/2""H x 24""D -1D, 1Drw, 1S *Install range 40"" min., 43"" max; Specify Left-hinge or Right Hinge assembly",615,SB-DS-BBC39,Door Set SB-BBC39,31.446,237,UBX-BBC39,Cabinet Box for BBC39,49.968,378
SB-BBC42,"Shaker Sage Breeze - Blind Base Corner Cabinet - 39""W x 34-1/2""H x 24""D -1D, 1Drw, 1S *Install range 43"" min., 46"" max; Specify Left-hinge or Right Hinge assembly",697,SB-DS-BBC42,Door Set SB-BBC42,32.967,273,UBX-BBC42,Cabinet Box for BBC42,50.976,424
SB-BEC24,"Shaker Sage Breeze - Angle Base Cabinet - 24""W x 34-1/2""H x 24""D - 2D",478,SB-DS-BEC24,Door Set SB-BEC24,38.421,250,UBX-BEC24,Cabinet Box for BEC24,34.974,228
SB-BFH12,"Shaker Sage Breeze - Base Cabinet - Full Height Door-12""W x 34-1/2""H x 24""D - 1D, 1S",292,SB-DS-BFH12/W1230,Door Set SB-BFH12/W1230,15.327,112,UBX-BFH12,Cabinet Box for BFH12,24.183,180
SB-BFH15,"Shaker Sage Breeze - Base Cabinet - Full Height Door-15""W x 34-1/2""H x 24""D - 1D, 1S",324,SB-DS-BFH15/W1530,Door Set SB-BFH15/W1530,17.325,130,UBX-BFH15,Cabinet Box for BFH15,26.001,194
SB-BFH18,"Shaker Sage Breeze - Base Cabinet - Full Height Door-18""W x 34-1/2""H x 24""D - 1D, 1S",356,SB-DS-BFH18/W1830,Door Set SB-BFH18/W1830,19.332,150,UBX-BFH18,Cabinet Box for BFH18,27.819,206
SB-BFH21,"Shaker Sage Breeze - Base Cabinet - Full Height Door-21""W x 34-1/2""H x 24""D - 1D, 1S",388,SB-DS-BFH21/W2130,Door Set SB-BFH21/W2130,21.339,166,UBX-BFH21,Cabinet Box for BFH21,29.637,222
SB-BFH24,"Shaker Sage Breeze - Base Cabinet - Full Height Door-24""W x 34-1/2""H x 24""D - 2D, 1S",442,SB-DS-BFH24/W2430,Door Set SB-BFH24/W2430,27.549,210,UBX-BFH24,Cabinet Box for BFH24,31.392,232
SB-BFH27,"Shaker Sage Breeze - Base Cabinet - Full Height Door-27""W x 34-1/2""H x 24""D - 2D, 1S",477,SB-DS-BFH27/W2730,Door Set SB-BFH27/W2730,29.547,229,UBX-BFH27,Cabinet Box for BFH27,33.606,248
SB-BFH30,"Shaker Sage Breeze - Base Cabinet - Full Height Door-30""W x 34-1/2""H x 24""D - 2D, 1S",513,SB-DS-BFH30/W3030,Door Set SB-BFH30/W3030,31.554,251,UBX-BFH30,Cabinet Box for BFH30,35.811,262
SB-BFH33,"Shaker Sage Breeze - Base Cabinet - Full Height Door-33""W x 34-1/2""H x 24""D - 2D, 1S",548,SB-DS-BFH33/W3330,Door Set SB-BFH33/W3330,33.561,263,UBX-BFH33,Cabinet Box for BFH33,38.025,285
SB-BFH36,"Shaker Sage Breeze - Base Cabinet - Full Height Door-36""W x 34-1/2""H x 24""D - 2D, 1S",583,SB-DS-BFH36/W3630,Door Set SB-BFH36/W3630,35.568,286,UBX-BFH36,Cabinet Box for BFH36,40.239,297
SB-BT09,"Shaker Sage Breeze - Base Cabinet - 9""W x 34-1/2""H x 24""D - 1D",289,SB-DS-BT09/W0930,Door Set SB-BT09/W0930,13.32,98,UBX-BT09,Cabinet Box for BT09,22.356,191
SB-BWB18,"Shaker Sage Breeze - Base Waste Basket - 18"" x 34 1/2 x 24",614,SB-DS-BWB18,Door Set SB-BWB18,19.26,142,UBX-BWB18,Cabinet Box for BWB18,63.459,472
SB-CSB36,"Shaker Sage Breeze - Corner Sink Base - 36""W x 34-1/2""H x 24""D",638,SB-DS-CSB36,Door Set SB-CSB36,21.951,202,UBX-CSB36,Cabinet Box for CSB36,47.079,436
SB-DFB18,"Shaker Sage Breeze - Two Drawer Base Cabinet - 18""",520,SB-DS-DFB18,Door Set SB-DFB18,19.377,130,UBX-DFB18,Cabinet Box for DFB18,58.05,390
SB-ERB33,"Shaker Sage Breeze - Easy Reach Base Cabinet - 33""W x 34-1/2""H - 1D",645,SB-DS-ERB33,Door Set SB-ERB33,25.713,211,UBX-ERB33,Cabinet Box for ERB33,52.83,434
SB-ERB36,"Shaker Sage Breeze - Easy Reach Base Cabinet - 36""W x 34-1/2""H - 1D",720,SB-DS-ERB36,Door Set SB-ERB36,29.529,242,UBX-ERB36,Cabinet Box for ERB36,58.023,478
SB-FSB36,"Shaker Sage Breeze - Farm Sink Base - 36""W X 34-1/2""H X 24""D",610,SB-DS-FSB36,Door Set SB-FSB36,33.084,331,UBX-SB36/FSB36,Cabinet Box for SB36/FSB36,32.859,279
SB-MB30,"Shaker Sage Breeze - Microwave Base Cabinet - 30""W x 34-1/2""H x 24""D -1Drw",679,SB-DS-MB30,Door Set SB-MB30,17.685,152,UBX-MB30,Cabinet Box for MB30,60.903,527
SB-MB33,"Shaker Sage Breeze - Microwave Base Cabinet - 33""W x 34-1/2""H x 24""D -1Drw",718,SB-DS-MB33,Door Set SB-MB33,19.098,164,UBX-MB33,Cabinet Box for MB33,64.242,554
SB-SB27,"Shaker Sage Breeze - Sink Base - 27""W x 34-1/2""H x 24""D - 1 False Drawer",480,SB-DS-SB27/VS27,Door Set SB-SB27/VS27,31.491,253,UBX-SB27,Cabinet Box for SB27,28.098,227
SB-SB30,"Shaker Sage Breeze - Sink Base - 30""W x 34-1/2""H x 24""D - 1 False Drawer",526,SB-DS-SB30/VS30,Door Set SB-SB30/VS30,34.479,282,UBX-SB30,Cabinet Box for SB30,29.79,244
SB-SB33,"Shaker Sage Breeze - Sink Base - 33""W x 34-1/2""H x 24""D - 2 False Drawers",562,SB-DS-SB33/VS33,Door Set SB-SB33/VS33,36.828,303,UBX-SB33,Cabinet Box for SB33,31.32,259
SB-SB36,"Shaker Sage Breeze - Sink Base - 36""W x 34-1/2""H x 24""D - 2 False Drawers",610,SB-DS-SB36/VS36,Door Set SB-SB36/VS36,39.168,331,UBX-SB36/FSB36,Cabinet Box for SB36/FSB36,32.859,279
SB-AW1230,"Shaker Sage Breeze - Angle Wall Cabinet - 12""W x 30""H x 12""D - 1D -2S",261,SB-DS-AW1230,Door Set SB-AW1230,18.9287344,161,UBX-AW1230,Cabinet Box for AW1230,11.70189066,100
SB-AW1236,"Shaker Sage Breeze - Angle Wall Cabinet - 12""W x 36""H x 12""D - 1D -2S",283,SB-DS-AW1236,Door Set SB-AW1236,21.79614001,177,UBX-AW1236,Cabinet Box for AW1236,12.92431774,106
SB-AW1242,"Shaker Sage Breeze - Angle Wall Cabinet - 12""W x 42""H x 12""D - 1D -3S",306,SB-DS-AW1242,Door Set SB-AW1242,24.68241013,184,UBX-AW1242,Cabinet Box for AW1242,16.33380399,122
SB-DCW2412GD,"Shaker Sage Breeze - Wall Diagonal Glass Door Corner Cabinet - 24""W x 12""H x 12""D - 1D -2S",235,SB-DS-DCW2412GD,Door Set SB-DCW2412GD,12.54462269,90,UBX-DCW2412,Cabinet Box for DCW2412,20.01450914,145
SB-DCW2430,"Shaker Sage Breeze - Wall Diagonal Corner Cabinet - 24""W x 30""H x 12""D - 1D -2S",508,SB-DS-DCW2430,Door Set SB-DCW2430,21.63416798,171,UBX-DCW2430,Cabinet Box for DCW2430,42.42337054,337
SB-DCW2430GD,"Shaker Sage Breeze - Wall Diagonal Glass Door Corner Cabinet - 24""W x 30""H x 12""D - 1D -2S",535,SB-DS-DCW2430GD,Door Set SB-DCW2430GD,22.55154324,198,UBX-DCW2430,Cabinet Box for DCW2430,42.42337054,337
SB-DCW2436,"Shaker Sage Breeze - Wall Diagonal Corner Cabinet - 24""W x 36""H x 12""D - 1D- 2S",573,SB-DS-DCW2436,Door Set SB-DCW2436,24.76583993,199,UBX-DCW2436,Cabinet Box for DCW2436,46.21329761,374
SB-DCW2436GD,"Shaker Sage Breeze - Wall Diagonal Glass Door Corner Cabinet - 24""W x 36""H x 12""D - 1D-2S",603,SB-DS-DCW2436GD,Door Set SB-DCW2436GD,25.87988443,229,UBX-DCW2436,Cabinet Box for DCW2436,46.21329761,374
SB-DCW2442,"Shaker Sage Breeze - Wall Diagonal Corner Cabinet - 24""W x 42""H x 12""D - 1D -3S",664,SB-DS-DCW2442,Door Set SB-DCW2442,28.84210977,225,UBX-DCW2442,Cabinet Box for DCW2442,56.15577976,439
SB-DCW2442GD,"Shaker Sage Breeze - Wall Diagonal Glass Door Corner Cabinet - 24""W x 42""H x 12""D - 1D -3S",706,SB-DS-DCW2442GD,Door Set SB-DCW2442GD,29.2301226,267,UBX-DCW2442,Cabinet Box for DCW2442,56.15577976,439
SB-MO3030,"Shaker Sage Breeze - Microwave Oven Cabinet - 30""W x 30""H x 12""D - 2D, 1S",587,SB-DS-MO3030,Door Set SB-MO3030,20.74981015,245,UBX-MO3030,Cabinet Box for MO3030,28.81274741,342
SB-MO3036,"Shaker Sage Breeze - Microwave Oven Cabinet - 30""W x 36""H x 12""D - 2D, 1S",679,SB-DS-MO3036,Door Set SB-MO3036,25.35660349,300,UBX-MO3036,Cabinet Box for MO3036,31.88040936,379
SB-MO3042,"Shaker Sage Breeze - Microwave Oven Cabinet - 30""W x 42""H x 12""D - 2D, 1S",799,SB-DS-MO3042,Door Set SB-MO3042,29.99370467,368,UBX-MO3042,Cabinet Box for MO3042,34.96825329,431
SB-W0930,"Shaker Sage Breeze - Wall Cabinet - 09""W x 30""H x 12""D - 1D -2S",201,SB-DS-BT09/W0930,Door Set SB-BT09/W0930,13.31780867,98,UBX-W0930,Cabinet Box for W0930,13.87404742,103
SB-W0936,"Shaker Sage Breeze - Wall Cabinet - 09""W x 36""H x 12""D - 1D -2S",219,SB-DS-W0936,Door Set SB-W0936,15.33545118,108,UBX-W0936,Cabinet Box for W0936,15.54018639,111
SB-W0942,"Shaker Sage Breeze - Wall Cabinet - 09""W x 42""H x 12""D - 1D - 3S",259,SB-DS-W0942,Door Set SB-W0942,18.29036244,129,UBX-W0942,Cabinet Box for W0942,18.27704797,130
SB-W1212GD,"Shaker Sage Breeze - Wall Cabinet - 12""W x 12""H x 12""D - 1D",119,SB-DS-W1212GD,Door Set SB-W1212GD,8.491760783,62,UBX-W1212,Cabinet Box for W1212,7.63067385,57
SB-W1230,"Shaker Sage Breeze - Wall Cabinet - 12""W x 30""H x 12""D - 1D -2S",227,SB-DS-BFH12/W1230,Door Set SB-BFH12/W1230,15.32256026,112,UBX-W1230,Cabinet Box for W1230,15.57122812,115
SB-W1236,"Shaker Sage Breeze - Wall Cabinet - 12""W x 36""H x 12""D - 1D -2S",261,SB-DS-W1236,Door Set SB-W1236,17.62679507,131,UBX-W1236,Cabinet Box for W1236,17.35282231,130
SB-W1242,"Shaker Sage Breeze - Wall Cabinet - 12""W x 42""H x 12""D - 1D- 3S",301,SB-DS-W1242,Door Set SB-W1242,20.87018409,151,UBX-W1242,Cabinet Box for W1242,20.52633704,150
SB-W1512GD,"Shaker Sage Breeze - Wall Cabinet - 15""W x 12""H x 12""D - 1D",134,SB-DS-W1512GD,Door Set SB-W1512GD,9.679831071,71,UBX-W1512,Cabinet Box for W1512,8.539461111,63
SB-W1530,"Shaker Sage Breeze - Wall Cabinet - 15""W x 30""H x 12""D - 1D -2S",263,SB-DS-BFH15/W1530,Door Set SB-BFH15/W1530,17.32731185,130,UBX-W1530,Cabinet Box for W1530,17.64800811,133
SB-W1530GD,"Shaker Sage Breeze - Wall Glass Door Cabinet - 15""W x 30""H x 12""D - 1D -2S",299,SB-DS-W1530GD,Door Set SB-W1530GD,17.90212237,166,UBX-W1530,Cabinet Box for W1530,17.64800811,133
SB-W1536,"Shaker Sage Breeze - Wall Cabinet - 15""W x 36""H x 12""D - 1D -2S",302,SB-DS-W1536,Door Set SB-W1536,19.91813895,152,UBX-W1536,Cabinet Box for W1536,19.60492317,150
SB-W1536GD,"Shaker Sage Breeze - Wall Glass Door Cabinet - 15""W x 36""H x 12""D - 1D -2S",340,SB-DS-W1536GD,Door Set SB-W1536GD,20.63688885,190,UBX-W1536,Cabinet Box for W1536,19.60492317,150
SB-W1542,"Shaker Sage Breeze - Wall Cabinet - 15""W x 42""H x 12""D - 1D - 3S",354,SB-DS-W1542,Door Set SB-W1542,23.45000575,177,UBX-W1542,Cabinet Box for W1542,23.27535054,177
SB-W1542GD,"Shaker Sage Breeze - Wall Glass Door Cabinet - 15""W x 42""H x 12""D - 1D- 3S",390,SB-DS-W1542GD,Door Set SB-W1542GD,24.31364199,213,UBX-W1542,Cabinet Box for W1542,23.27535054,177
SB-W1812GD,"Shaker Sage Breeze - Wall Cabinet - 18""W x 12""H x 12""D - 1D",154,SB-DS-W1812GD,Door Set SB-W1812GD,10.86790136,82,UBX-W1812,Cabinet Box for W1812,9.448248372,72
SB-W1830,"Shaker Sage Breeze - Wall Cabinet - 18""W x 30""H x 12""D - 1D - 2S",305,SB-DS-BFH18/W1830,Door Set SB-BFH18/W1830,19.33206344,150,UBX-W1830,Cabinet Box for W1830,19.7247881,155
SB-W1830GD,"Shaker Sage Breeze - Wall Glass Door Cabinet - 18""W x 30""H x 12""D - 1D -2S",348,SB-DS-W1830GD,Door Set SB-W1830GD,20.0888973,193,UBX-W1830,Cabinet Box for W1830,19.7247881,155
SB-W1836,"Shaker Sage Breeze - Wall Cabinet - 18""W x 36""H x 12""D - 1D -2S",354,SB-DS-W1836,Door Set SB-W1836,22.20948283,178,UBX-W1836,Cabinet Box for W1836,21.85702403,176
SB-W1836GD,"Shaker Sage Breeze - Wall Glass Door Cabinet - 18""W x 36""H x 12""D - 1D -2S",416,SB-DS-W1836GD,Door Set SB-W1836GD,23.15583686,240,UBX-W1836,Cabinet Box for W1836,21.85702403,176
SB-W1842,"Shaker Sage Breeze - Wall Cabinet - 18""W x 42""H x 12""D - 1D -3S",404,SB-DS-W1842,Door Set SB-W1842,26.0298274,202,UBX-W1842,Cabinet Box for W1842,26.02436404,202
SB-W1842GD,"Shaker Sage Breeze - Wall Cabinet - 18""W x 42""H x 12""D - 1D -3S",459,SB-DS-W1842GD,Door Set SB-W1842GD,27.16694845,257,UBX-W1842,Cabinet Box for W1842,26.02436404,202
SB-W2112GD,"Shaker Sage Breeze - Wall Cabinet - 21""W x 12""H x 12""D - 1D",169,SB-DS-W2112GD,Door Set SB-W2112GD,12.05597165,90,UBX-W2112,Cabinet Box for W2112,10.35703563,79
SB-W2130,"Shaker Sage Breeze - Wall Cabinet - 21""W x 30""H x 12""D - 1D -2S",336,SB-DS-BFH21/W2130,Door Set SB-BFH21/W2130,21.33681503,166,UBX-W2130,Cabinet Box for W2130,21.80156809,170
SB-W2136,"Shaker Sage Breeze - Wall Cabinet - 21""W x 36""H x 12""D - 1D -2S",397,SB-DS-W2136,Door Set SB-W2136,24.50082672,200,UBX-W2136,Cabinet Box for W2136,24.1091249,197
SB-W2142,"Shaker Sage Breeze - Wall Cabinet - 21""W x 42""H x 12""D - 1D -3S",443,SB-DS-W2142,Door Set SB-W2142,28.60964905,220,UBX-W2142,Cabinet Box for W2142,28.77337755,223
SB-W2412GD,"Shaker Sage Breeze - Wall Cabinet - 24""W x 12""H x 12""D - 2D",206,SB-DS-W2412GD,Door Set SB-W2412GD,15.61835308,118,UBX-W2412,Cabinet Box for W2412,11.51136164,88
SB-W2418,"Shaker Sage Breeze - Wall Cabinet - 24""W x 18""H x 12""D - 2D",287,SB-DS-W2418,Door Set SB-W2418,19.45191451,167,UBX-W2418,Cabinet Box for W2418,13.9406725,120
SB-W2430,"Shaker Sage Breeze - Wall Cabinet - 24""W x 30""H x 12""D - 2D -2S",394,SB-DS-BFH24/W2430,Door Set SB-BFH24/W2430,27.5456689,210,UBX-W2430/WBC2430,Cabinet Box for W2430/WBC2430,23.97126657,184
SB-W2430GD,"Shaker Sage Breeze - Wall Glass Door Cabinet - 24""W x 30""H x 12""D - 2D -2S",443,SB-DS-W2430GD,Door Set SB-W2430GD,28.35519373,259,UBX-W2430/WBC2430,Cabinet Box for W2430/WBC2430,23.97126657,184
SB-W2436,"Shaker Sage Breeze - Wall Cabinet - 24""W x 36""H x 12""D - 2D -2S",462,SB-DS-W2436,Door Set SB-W2436,31.57927765,251,UBX-W2436,Cabinet Box for W2436,26.40057742,211
SB-W2436GD,"Shaker Sage Breeze - Wall Glass Door Cabinet - 24""W x 36""H x 12""D - 2D -2S",461,SB-DS-W2436GD,Door Set SB-W2436GD,32.59151709,250,UBX-W2436,Cabinet Box for W2436,26.40057742,211
SB-W2442,"Shaker Sage Breeze - Wall Cabinet - 24""W x 42""H x 12""D - 2D -3S",539,SB-DS-W2442,Door Set SB-W2442,37.48741287,292,UBX-W2442/WBC2442,Cabinet Box for W2442/WBC2442,31.60021396,247
SB-W2442GD,"Shaker Sage Breeze - Wall Glass Door Cabinet - 24""W x 42""H x 12""D - 2D -3S",589,SB-DS-W2442GD,Door Set SB-W2442GD,38.70370057,342,UBX-W2442/WBC2442,Cabinet Box for W2442/WBC2442,31.60021396,247
SB-W2712GD,"Shaker Sage Breeze - Wall Cabinet - 27""W x 12""H x 12""D - 2D",224,SB-DS-W2712GD,Door Set SB-W2712GD,16.80642337,128,UBX-W2712,Cabinet Box for W2712,12.4201489,96
SB-W2730,"Shaker Sage Breeze - Wall Cabinet - 27""W x 30""H x 12""D - 2D -2S",431,SB-DS-BFH27/W2730,Door Set SB-BFH27/W2730,29.55042049,229,UBX-W2730/WBC2730,Cabinet Box for W2730/WBC2730,26.04804656,202
SB-W2736,"Shaker Sage Breeze - Wall Cabinet - 27""W x 36""H x 12""D - 2D -2S",498,SB-DS-W2736,Door Set SB-W2736,33.87062154,269,UBX-W2736/WBC2736,Cabinet Box for W2736/WBC2736,28.65267828,229
SB-W2742,"Shaker Sage Breeze - Wall Cabinet - 27""W x 42""H x 12""D - 2D -3S",555,SB-DS-W2742,Door Set SB-W2742,40.06723452,298,UBX-W2742/WBC2742,Cabinet Box for W2742/WBC2742,34.34922746,257
SB-W3012,"Shaker Sage Breeze - Wall Cabinet - 30""W x 12""H x 12""D - 2D",261,SB-DS-W3012/W301224,Door Set SB-W3012/W301224,17.70448423,148,UBX-W3012,Cabinet Box for W3012,13.32893616,113
SB-W301224,"Shaker Sage Breeze - Wall Refrigerator Cabinet-30""W x 12""H x 24""D - 2D",332,SB-DS-W3012/W301224,Door Set SB-W3012/W301224,17.70448423,148,UBX-W301224,Cabinet Box for W301224,22.86375836,184
SB-W3012GD,"Shaker Sage Breeze - Wall Glass Door Cabinet - 30""W x 12""H x 12""D - 2D",282,SB-DS-W3012GD,Door Set SB-W3012GD,17.99449365,169,UBX-W3012,Cabinet Box for W3012,13.32893616,113
SB-W3015,"Shaker Sage Breeze - Wall Cabinet - 30""W x 15""H x 12""D - 2D",293,SB-DS-W3015/W301524,Door Set SB-W3015/W301524,20.00788089,168,UBX-W3015,Cabinet Box for W3015,14.71891246,125
SB-W301524,"Shaker Sage Breeze - Wall Refrigerator Cabinet - 30""W x 15""H x 24""D - 2D",360,SB-DS-W3015/W301524,Door Set SB-W3015/W301524,20.00788089,168,UBX-W301524,Cabinet Box for W301524,24.49231137,192
SB-W3018,"Shaker Sage Breeze - Wall Cabinet - 30""W x 18""H x 12""D - 2D",322,SB-DS-W3018/W301824,Door Set SB-W3018/W301824,22.31127756,186,UBX-W3018,Cabinet Box for W3018,16.10888876,136
SB-W301824,"Shaker Sage Breeze - Wall Refrigerator Cabinet - 30""W x 18""H x 24""D - 2D",402,SB-DS-W3018/W301824,Door Set SB-W3018/W301824,22.31127756,186,UBX-W301824,Cabinet Box for W301824,26.12086437,216
SB-W3018GD,"Shaker Sage Breeze - Wall Cabinet - 30""W x 18""H x 12""D - 2D ",354,SB-DS-W3018GD,Door Set SB-W3018GD,22.89516321,218,UBX-W3018,Cabinet Box for W3018,16.10888876,136
SB-W3024,"Shaker Sage Breeze - Wall Cabinet - 30""W x 24""H x 12""D - 2D - 1S",388,SB-DS-W3024/W302424,Door Set SB-W3024/W302424,26.94837875,213,UBX-W3024,Cabinet Box for W3024,22.12600223,175
SB-W302424,"Shaker Sage Breeze - Wall Refrigerator Cabinet - 30""W x 24""H x 24""D - 2D -1S",485,SB-DS-W3024/W302424,Door Set SB-W3024/W302424,26.94837875,213,UBX-W302424,Cabinet Box for W302424,36.1134048,272
SB-W3030,"Shaker Sage Breeze - Wall Cabinet - 30""W x 30""H x 12""D - 2D -2S",476,SB-DS-BFH30/W3030,Door Set SB-BFH30/W3030,31.55517208,251,UBX-W3030,Cabinet Box for W3030,28.12482655,225
SB-W3030GD,"Shaker Sage Breeze - Wall Glass Door Cabinet - 30""W x 30""H x 12""D -2D-2S",525,SB-DS-W3030GD,Door Set SB-W3030GD,32.72874357,300,UBX-W3030,Cabinet Box for W3030,28.12482655,225
SB-W3036,"Shaker Sage Breeze - Wall Cabinet - 30""W x 36""H x 12""D - 2D -2S",545,SB-DS-W3036,Door Set SB-W3036,36.16196542,293,UBX-W3036,Cabinet Box for W3036,30.90477914,252
SB-W3036GD,"Shaker Sage Breeze - Wall Glass Door Cabinet - 30""W x 36""H x 12""D -2D- 2S",613,SB-DS-W3036GD,Door Set SB-W3036GD,37.62941313,361,UBX-W3036,Cabinet Box for W3036,30.90477914,252
SB-W3042,"Shaker Sage Breeze - Wall Cabinet - 30""W x 42""H x 12""D - 2D -3S",632,SB-DS-W3042,Door Set SB-W3042,42.64705617,337,UBX-W3042,Cabinet Box for W3042,37.09824097,295
SB-W3042GD,"Shaker Sage Breeze - Wall Glass Door Cabinet - 30""W x 42""H x 12""D -2D- 2S",700,SB-DS-W3042GD,Door Set SB-W3042GD,44.4103135,405,UBX-W3042,Cabinet Box for W3042,37.09824097,295
SB-W3312,"Shaker Sage Breeze - Wall Cabinet - 33""W x 12""H x 12""D - 2D",274,SB-DS-W3312/W331224,Door Set SB-W3312/W331224,18.84757346,156,UBX-W3312,Cabinet Box for W3312,14.23772342,118
SB-W331224,"Shaker Sage Breeze - Wall Refrigerator Cabinet-33""W x 12""H x 24""D - 2D",351,SB-DS-W3312/W331224,Door Set SB-W3312/W331224,18.84757346,156,UBX-W331224,Cabinet Box for W331224,24.46458174,195
SB-W3312GD,"Shaker Sage Breeze - Wall Glass Door Cabinet - 33""W x 12""H x 12""D - 2D",299,SB-DS-W3312GD,Door Set SB-W3312GD,19.18256394,181,UBX-W3312,Cabinet Box for W3312,14.23772342,118
SB-W3315,"Shaker Sage Breeze - Wall Cabinet - 33""W x 15""H x 12""D - 2D",302,SB-DS-W3315/W331524,Door Set SB-W3315/W331524,21.29426627,173,UBX-W3315,Cabinet Box for W3315,15.71536016,129
SB-W331524,"Shaker Sage Breeze - Wall Refrigerator Cabinet - 33""W x 15""H x 24""D -2D",380,SB-DS-W3315/W331524,Door Set SB-W3315/W331524,21.29426627,173,UBX-W331524,Cabinet Box for W331524,26.15086236,207
SB-W3318,"Shaker Sage Breeze - Wall Cabinet - 33""W x 18""H x 12""D - 2D",332,SB-DS-W3318/W331824,Door Set SB-W3318/W331824,23.74095909,192,UBX-W3318,Cabinet Box for W3318,17.19299689,140
SB-W331824,"Shaker Sage Breeze - Wall Refrigerator Cabinet - 33""W x 18""H x 24""D -2D",414,SB-DS-W3318/W331824,Door Set SB-W3318/W331824,23.74095909,192,UBX-W331824,Cabinet Box for W331824,27.83714297,222
SB-W3324,"Shaker Sage Breeze - Wall Cabinet - 33""W x 24""H x 12""D - 2D - 1S",396,SB-DS-W3324/W332424,Door Set SB-W3324/W332424,28.66653804,216,UBX-W3324,Cabinet Box for W3324,23.70702301,180
SB-W332424,"Shaker Sage Breeze - Wall Refrigerator Cabinet -33""W x 24""H x 24""D-2D -1S",525,SB-DS-W3324/W332424,Door Set SB-W3324/W332424,28.66653804,216,UBX-W332424,Cabinet Box for W332424,38.6352674,309
SB-W3330,"Shaker Sage Breeze - Wall Cabinet - 33""W x 30""H x 12""D - 2D -2S",501,SB-DS-BFH33/W3330,Door Set SB-BFH33/W3330,33.55992367,263,UBX-W3330,Cabinet Box for W3330,30.20160654,238
SB-W3336,"Shaker Sage Breeze - Wall Cabinet - 33""W x 36""H x 12""D - 2D -2S",591,SB-DS-W3336,Door Set SB-W3336,38.4533093,317,UBX-W3336,Cabinet Box for W3336,33.15688001,274
SB-W3342,"Shaker Sage Breeze - Wall Cabinet - 33""W x 42""H x 12""D - 2D -3S",674,SB-DS-W3342,Door Set SB-W3342,45.22687782,358,UBX-W3342,Cabinet Box for W3342,39.84725447,316
SB-W3612,"Shaker Sage Breeze - Wall Cabinet - 36""W x 12""H x 12""D - 2D",290,SB-DS-W3612/W361224,Door Set SB-W3612/W361224,19.99066269,164,UBX-W3612,Cabinet Box for W3612,15.14651068,126
SB-W361224,"Shaker Sage Breeze - Wall Cabinet - 36""W x 12""H x 24""D - 2D",368,SB-DS-W3612/W361224,Door Set SB-W3612/W361224,19.99066269,164,UBX-W361224,Cabinet Box for W361224,26.06540512,204
SB-W3612GD,"Shaker Sage Breeze - Wall Glass Door Cabinet - 36""W x 12""H x 12""D - 2D",317,SB-DS-W3612GD,Door Set SB-W3612GD,20.37063423,191,UBX-W3612,Cabinet Box for W3612,15.14651068,126
SB-W3615,"Shaker Sage Breeze - Wall Cabinet - 36""W x 15""H x 12""D - 2D",312,SB-DS-W3615/W361524,Door Set SB-W3615/W361524,22.58065166,179,UBX-W3615,Cabinet Box for W3615,16.71180785,133
SB-W361524,"Shaker Sage Breeze - Wall Refrigerator Cabinet - 36""W x 15""H x 24""D - 2D",393,SB-DS-W3615/W361524,Door Set SB-W3615/W361524,22.58065166,179,UBX-W361524,Cabinet Box for W361524,27.80941334,214
SB-W3618,"Shaker Sage Breeze - Wall Cabinet - 36""W x 18""H x 12""D - 2D",349,SB-DS-W3618/W361824,Door Set SB-W3618/W361824,25.17064062,202,UBX-W3618,Cabinet Box for W3618,18.27710502,147
SB-W361824,"Shaker Sage Breeze - Wall Refrigerator Cabinet - 36""W x 18""H x 24""D - 2D",428,SB-DS-W3618/W361824,Door Set SB-W3618/W361824,25.17064062,202,UBX-W361824,Cabinet Box for W361824,29.55342157,226
SB-W3624,"Shaker Sage Breeze - Wall Cabinet - 36""W x 24""H x 12""D - 2D - 1S",455,SB-DS-W3624/W362424,Door Set SB-W3624/W362424,30.38469734,248,UBX-W3624,Cabinet Box for W3624,25.28804378,207
SB-W362424,"Shaker Sage Breeze - Wall Refrigerator Cabinet - 36""W x 24""H x 24""D - 2D -1S",560,SB-DS-W3624/W362424,Door Set SB-W3624/W362424,30.38469734,248,UBX-W362424,Cabinet Box for W362424,41.15712999,312
SB-W3630,"Shaker Sage Breeze - Wall Cabinet - 36""W x 30""H x 12""D - 2D -2S",546,SB-DS-BFH36/W3630,Door Set SB-BFH36/W3630,35.56467526,286,UBX-W3630/WBC3630,Cabinet Box for W3630/WBC3630,32.27838653,260
SB-W3636,"Shaker Sage Breeze - Wall Cabinet - 36""W x 36""H x 12""D - 2D -2S",631,SB-DS-W3636,Door Set SB-W3636,40.74465319,337,UBX-W3636,Cabinet Box for W3636,35.40898087,294
SB-W3642,"Shaker Sage Breeze - Wall Cabinet - 36""W x 42""H x 12""D - 2D -3S",722,SB-DS-W3642,Door Set SB-W3642,47.80669948,381,UBX-W3642/WBC3642,Cabinet Box for W3642/WBC3642,42.59626798,341
SB-W3930,"Shaker Sage Breeze - Wall Cabinet - 39""W x 30""H x 12""D - 2D -2S",566,SB-DS-W3930,Door Set SB-W3930,37.59580516,295,UBX-W3930,Cabinet Box for W3930,34.38249257,271
SB-WBC2430,"Shaker Sage Breeze - Wall Blind Corner Cabinet - 24""W x 30""H x 12""D - 1D -2S",336,SB-DS-WBC2430,Door Set SB-WBC2430,25.09589566,152,UBX-W2430/WBC2430,Cabinet Box for W2430/WBC2430,23.97126657,184
SB-WBC2442,"Shaker Sage Breeze - Wall Blind Corner Cabinet - 24""W x 42""H x 12""D - 1D -3S",456,SB-DS-WBC2442,Door Set SB-WBC2442,34.38889181,209,UBX-W2442/WBC2442,Cabinet Box for W2442/WBC2442,31.60021396,247
SB-WBC2730,"Shaker Sage Breeze - Wall Blind Corner Cabinet - 27""W x 30""H x 12""D - 1D -2S",364,SB-DS-WBC2730,Door Set SB-WBC2730,25.60699046,162,UBX-W2730/WBC2730,Cabinet Box for W2730/WBC2730,26.04804656,202
SB-WBC2736,"Shaker Sage Breeze - Wall Blind Corner Cabinet - 27""W x 36""H x 12""D - 1D -2S",413,SB-DS-WBC2736,Door Set SB-WBC2736,29.81637723,184,UBX-W2736/WBC2736,Cabinet Box for W2736/WBC2736,28.65267828,229
SB-WBC2742,"Shaker Sage Breeze - Wall Blind Corner Cabinet - 27""W x 42""H x 12""D - 1D -3S",483,SB-DS-WBC2742,Door Set SB-WBC2742,34.97745211,226,UBX-W2742/WBC2742,Cabinet Box for W2742/WBC2742,34.34922746,257
SB-WBC3630,"Shaker Sage Breeze - Wall Blind Corner Cabinet - 36""W x 30""H x 12""D - 1D -2S",463,SB-DS-WBC3630,Door Set SB-WBC3630,27.14027485,203,UBX-W3630/WBC3630,Cabinet Box for W3630/WBC3630,32.27838653,260
SB-WBC3642,"Shaker Sage Breeze - Wall Blind Corner Cabinet - 36""W x 42""H x 12""D - 1D -3S",619,SB-DS-WBC3642,Door Set SB-WBC3642,35.81913823,278,UBX-W3642/WBC3642,Cabinet Box for W3642/WBC3642,42.59626798,341
SB-WD1848,"Shaker Sage Breeze - Wall With Drawer Cabinet-18""W x 48""H x 12""D- 1D, 2 DRW -2S",552,SB-DS-WD1848,Door Set SB-WD1848,31.8597614,175,UBX-WD1848,Cabinet Box for WD1848,68.35450421,377
SB-WD1854,"Shaker Sage Breeze - Wall With Drawer Cabinet-18""W x 54""H x 12""D- 1D, 2 DRW -2S",605,SB-DS-WD1854,Door Set SB-WD1854,34.75611118,199,UBX-WD1854,Cabinet Box for WD1854,70.50076801,406
SB-WD1860,"Shaker Sage Breeze - Wall With Drawer Cabinet-18""W x 60""H x 12""D- 1D, 2 DRW -3S",652,SB-DS-WD1860,Door Set SB-WD1860,37.63353058,222,UBX-WD1860,Cabinet Box for WD1860,72.63300394,430
SB-WER2430,"Shaker Sage Breeze - Wall Easy Reach Corner Cabinet - 24"" W X 30"" H X 12"" D - 2D - 2S",503,SB-DS-WER2430,Door Set SB-WER2430,25.03372405,161,UBX-WER2430,Cabinet Box for WER2430,52.75505789,342
SB-WER2436,"Shaker Sage Breeze - Wall Easy Reach Corner Cabinet - 24"" W X 36"" H X 12"" D - 2D - 2S",604,SB-DS-WER2436,Door Set SB-WER2436,28.25044499,196,UBX-WER2436,Cabinet Box for WER2436,58.76812591,408
SB-WER2442,"Shaker Sage Breeze - Wall Easy Reach Corner Cabinet - 24"" W X 42"" H X 12"" D - 2D - 2S",708,SB-DS-WER2442,Door Set SB-WER2442,31.48832856,231,UBX-WER2442,Cabinet Box for WER2442,64.8207536,477
SB-O308424,"Shaker Sage Breeze - Oven Cabinet - 30""W x 84""H X 24""D - 2D, 3DRW, 1S",1619,SB-DS-O308424,Door Set SB-O308424,81.298723,589,UBX-O308424,Cabinet Box for O308424,141.9177295,1030
SB-O309024,"Shaker Sage Breeze - Oven Cabinet - 30""W x 90""H X 24""D - 2D, 3DRW, 1S",1694,SB-DS-O309024,Door Set SB-O309024,80.15084799,554,UBX-O309024,Cabinet Box for O309024,164.7778978,1140
SB-O309624,"Shaker Sage Breeze - Oven Cabinet - 30""W x 96""H X 24""D - 2D, 3DRW, 1S",1827,SB-DS-O309624,Door Set SB-O309624,84.89282502,611,UBX-O309624,Cabinet Box for O309624,168.621791,1216
SB-O338424,"Shaker Sage Breeze - Oven Cabinet - 33""W x 84""H X 24""D - 2D, 3DRW, 1S",1699,SB-DS-O338424,Door Set SB-O338424,81.13022847,565,UBX-O338424,Cabinet Box for O338424,162.4955446,1134
SB-O339024,"Shaker Sage Breeze - Oven Cabinet - 33""W x 90""H X 24""D - 2D, 3DRW, 1S",1778,SB-DS-O339024,Door Set SB-O339024,86.67953319,592,UBX-O339024,Cabinet Box for O339024,173.2210278,1186
SB-O339624,"Shaker Sage Breeze - Oven Cabinet - 33""W x 96""H X 24""D - 2D, 3DRW, 1S",1938,SB-DS-O339624,Door Set SB-O339624,91.74851312,661,UBX-O339624,Cabinet Box for O339624,177.2009561,1277
SB-U188424,"Shaker Sage Breeze - Wall Pantry - 18""W x 84""H x 24""D - 2D, 5S",1101,SB-DS-U188424,Door Set SB-U188424,49.62545311,423,UBX-U188424,Cabinet Box for U188424,79.47439762,678
SB-U189024,"Shaker Sage Breeze - Wall Pantry - 18""W x 90""H x 24""D - 2D, 5S",1136,SB-DS-U189024,Door Set SB-U189024,52.61354248,441,UBX-U189024,Cabinet Box for U189024,82.81205831,695
SB-U189624,"Shaker Sage Breeze - Wall Pantry - 18""W x 96""H x 24""D - 2D, 5S",1187,SB-DS-U189624,Door Set SB-U189624,56.56116489,470,UBX-U189624,Cabinet Box for U189624,86.20235492,717
SB-U248424,"Shaker Sage Breeze - Wall Pantry - 24""W x 84""H x 24""D - 4D, 5S",1321,SB-DS-U248424,Door Set SB-U248424,71.3340264,575,UBX-U248424,Cabinet Box for U248424,92.2906212,746
SB-U249024,"Shaker Sage Breeze - Wall Pantry - 24""W x 90""H x 24""D - 4D, 5S",1370,SB-DS-U249024,Door Set SB-U249024,75.52277394,604,UBX-U249024,Cabinet Box for U249024,95.76166813,766
SB-U249624,"Shaker Sage Breeze - Wall Pantry - 24""W x 96""H x 24""D - 4D, 5S",1438,SB-DS-U249624,Door Set SB-U249624,81.63058758,648,UBX-U249624,Cabinet Box for U249624,99.33798688,790
SB-U308424,"Shaker Sage Breeze - Wall Pantry - 30""W x 84""H x 24""D - 4D, 5S",1635,SB-DS-U308424,Door Set SB-U308424,81.298723,704,UBX-U308424,Cabinet Box for U308424,107.497745,931
SB-U309024,"Shaker Sage Breeze - Wall Pantry - 30""W x 90""H x 24""D - 4D, 5S",1711,SB-DS-U309024,Door Set SB-U309024,86.0827007,746,UBX-U309024,Cabinet Box for U309024,111.2996376,965
SB-U309624,"Shaker Sage Breeze - Wall Pantry - 30""W x 96""H x 24""D - 4D, 5S",1805,SB-DS-U309624,Door Set SB-U309624,92.78574448,805,UBX-U309624,Cabinet Box for U309624,115.206802,1000
SB-3VDB12,"Shaker Sage Breeze - Vanity Drawer Base Cabinet - 12""W x 34 1/2""H x 21""D - 3 DRW",550,SB-DS-3DB12/3VDB12,Door Set SB-3DB12/3VDB12,15.40364951,101,UBX-3VDB12,Cabinet Box for 3VDB12,68.14970086,449
SB-3VDB15,"Shaker Sage Breeze - Vanity Drawer Base Cabinet - 15""W x 34 1/2""H x 21""D - 3 DRW",599,SB-DS-3DB15/3VDB15,Door Set SB-3DB15/3VDB15,18.21461224,120,UBX-3VDB15,Cabinet Box for 3VDB15,72.25302026,479
SB-3VDB18,"Shaker Sage Breeze - Vanity Drawer Base Cabinet - 18""W x 34 1/2""H x 21""D - 3 DRW",648,SB-DS-3DB18/3VDB18,Door Set SB-3DB18/3VDB18,21.02557497,139,UBX-3VDB18,Cabinet Box for 3VDB18,76.35633966,509
SB-3VDB21,"Shaker Sage Breeze - Vanity Drawer Base Cabinet - 21""W x 34 1/2""H x 21""D - 3 DRW",687,SB-DS-3DB21/3VDB21,Door Set SB-3DB21/3VDB21,23.8365377,157,UBX-3VDB21,Cabinet Box for 3VDB21,80.45965906,530
SB-3VDB24,"Shaker Sage Breeze - Vanity Drawer Base Cabinet - 24""W x 34 1/2""H x 21""D - 3 DRW",765,SB-DS-3DB24/3VDB24,Door Set SB-3DB24/3VDB24,26.68448678,182,UBX-3VDB24,Cabinet Box for 3VDB24,85.08929109,583
SB-V3021DL,"Shaker Sage Breeze - Vanity Sink Base - 30""W x 34 1/2"" x 21""D - 1D, 3 Left DRW",795,SB-DS-V3021DL,Door Set SB-V3021DL,39.27574441,284,UBX-V3021DL,Cabinet Box for V3021DL,70.39811058,511
SB-V3021DR,"Shaker Sage Breeze - Vanity Sink Base - 30""W x 34 1/2"" x 21""D - 1D, 3 Right DRW",795,SB-DS-V3021DR,Door Set SB-V3021DR,39.27574441,284,UBX-V3021DR,Cabinet Box for V3021DR,70.39811058,511
SB-V3321DL,"Shaker Sage Breeze - Vanity Sink Base - 33""W x 34 1/2"" x 21""D - 1D, 3 Left DRW",825,SB-DS-V3321DL,Door Set SB-V3321DL,41.64270232,294,UBX-V3321DL,Cabinet Box for V3321DL,75.20882226,531
SB-V3321DR,"Shaker Sage Breeze - Vanity Sink Base - 33""W x 34 1/2"" x 21""D - 1D, 3 Right DRW",825,SB-DS-V3321DR,Door Set SB-V3321DR,41.64270232,294,UBX-V3321DR,Cabinet Box for V3321DR,75.20882226,531
SB-V3621DL,"Shaker Sage Breeze - Vanity Sink Base - 36""W x 34 1/2"" x 21""D - 1D, 3 Left DRW",848,SB-DS-V3621DL,Door Set SB-V3621DL,44.03201142,309,UBX-V3621DL,Cabinet Box for V3621DL,76.54206446,539
SB-V3621DR,"Shaker Sage Breeze - Vanity Sink Base - 36""W x 34 1/2"" x 21""D - 1D, 3 Right DRW",848,SB-DS-V3621DR,Door Set SB-V3621DR,44.03201142,309,UBX-V3621DR,Cabinet Box for V3621DR,76.54206446,539
SB-VS24,"Shaker Sage Breeze - Vanity Sink Base Cabinet - 24""W x 34 1/2""H x 21""D",423,SB-DS-VS24,Door Set SB-VS24,29.147219,230,UBX-VS24,Cabinet Box for VS24,24.3777196,193
SB-VS27,"Shaker Sage Breeze - Vanity Sink Base Cabinet - 27""W x 34 1/2""H x 21""D",456,SB-DS-SB27/VS27,Door Set SB-SB27/VS27,31.49504999,253,UBX-VS27,Cabinet Box for VS27,25.84446652,203
SB-VS30,"Shaker Sage Breeze - Vanity Sink Base Cabinet - 30""W x 34 1/2""H x 21""D",489,SB-DS-SB30/VS30,Door Set SB-SB30/VS30,34.47573043,282,UBX-VS30,Cabinet Box for VS30,27.46628438,207
SB-VS33,"Shaker Sage Breeze - Vanity Sink Base Cabinet - 33""W x 34 1/2""H x 21""D",528,SB-DS-SB33/VS33,Door Set SB-SB33/VS33,36.82356142,303,UBX-VS33,Cabinet Box for VS33,28.93303129,225
SB-VS36,"Shaker Sage Breeze - Vanity Sink Base Cabinet - 36""W x 34 1/2""H x 21""D",549,SB-DS-SB36/VS36,Door Set SB-SB36/VS36,39.17139241,331,UBX-VS36,Cabinet Box for VS36,30.3997782,218
SB-VSD36,"Shaker Sage Breeze - Vanity Sink Drawer Base Cabinet - 36""W x 34 1/2""H x 21""D - 2 DRW, 2D",752,SB-DS-VSD36,Door Set SB-VSD36,40.07917854,321,UBX-VSD36,Cabinet Box for VSD36,53.77020886,431
SB-VSD42,"Shaker Sage Breeze - Vanity Sink Drawer Base Cabinet - 42""W x 34 1/2""H x 21""D - 2 DRW, 2D",839,SB-DS-VSD42,Door Set SB-VSD42,46.58712077,377,UBX-VSD42,Cabinet Box for VSD42,56.84088858,462
SB-VSD48,"Shaker Sage Breeze - Vanity Sink Drawer Base Cabinet - 48""W x 34 1/2""H x 21""D - 2 DRW, 2D",916,SB-DS-VSD48,Door Set SB-VSD48,51.32103659,418,UBX-VSD48,Cabinet Box for VSD48,60.93601883,498
LG-2DB24,"Shaker Lunar Gray - 2-Drawer Base Cabinet - 24""W x 34-1/2""H x 24""D - 2Drw",698,LG-DS-2DB24,Door Set LG-2DB24,24.633,160,UBX-2DB24,Cabinet Box for 2DB24,82.467,538
LG-2DB30,"Shaker Lunar Gray - 2-Drawer Base Cabinet - 30""W x 34-1/2""H x 24""D - 2Drw",783,LG-DS-2DB30,Door Set LG-2DB30,29.628,191,UBX-2DB30,Cabinet Box for 2DB30,91.746,592
LG-2DB36,"Shaker Lunar Gray - 2-Drawer Base Cabinet - 36""W x 34-1/2""H x 24""D - 2Drw",851,LG-DS-2DB36,Door Set LG-2DB36,34.623,217,UBX-2DB36,Cabinet Box for 2DB36,101.016,634
LG-3DB12,"Shaker Lunar Gray - Drawer Base Cabinet - 12""W x 34-1/2""H x 24""D - 3DRW",563,LG-DS-3DB12/3VDB12,Door Set LG-3DB12/3VDB12,15.408,101,UBX-3DB12,Cabinet Box for 3DB12,74.565,462
LG-3DB15,"Shaker Lunar Gray - Drawer Base Cabinet - 15""W x 34-1/2""H x 24""D - 3DRW",634,LG-DS-3DB15/3VDB15,Door Set LG-3DB15/3VDB15,18.216,120,UBX-3DB15,Cabinet Box for 3DB15,78.894,514
LG-3DB18,"Shaker Lunar Gray - Drawer Base Cabinet - 18""W x 34-1/2""H x 24""D - 3DRW",674,LG-DS-3DB18/3VDB18,Door Set LG-3DB18/3VDB18,21.024,139,UBX-3DB18,Cabinet Box for 3DB18,83.232,535
LG-3DB21,"Shaker Lunar Gray - Drawer Base Cabinet - 21""W x 34-1/2""H x 24""D - 3DRW",694,LG-DS-3DB21/3VDB21,Door Set LG-3DB21/3VDB21,23.841,157,UBX-3DB21,Cabinet Box for 3DB21,87.561,537
LG-3DB24,"Shaker Lunar Gray - Drawer Base Cabinet - 24""W x 34-1/2""H x 24""D - 3DRW",733,LG-DS-3DB24/3VDB24,Door Set LG-3DB24/3VDB24,26.685,182,UBX-3DB24,Cabinet Box for 3DB24,91.953,551
LG-3DB27,"Shaker Lunar Gray - Drawer Base Cabinet - 27""W x 34-1/2""H x 24""D - 3DRW",792,LG-DS-3DB27,Door Set LG-3DB27,29.493,185,UBX-3DB27,Cabinet Box for 3DB27,96.759,607
LG-3DB30,"Shaker Lunar Gray - Drawer Base Cabinet - 30""W x 34-1/2""H x 24""D - 3DRW",850,LG-DS-3DB30,Door Set LG-3DB30,32.31,205,UBX-3DB30,Cabinet Box for 3DB30,101.556,645
LG-3DB33,"Shaker Lunar Gray - Drawer Base Cabinet - 33""W x 34-1/2""H x 24""D - 3DRW",881,LG-DS-3DB33,Door Set LG-3DB33,35.118,218,UBX-3DB33,Cabinet Box for 3DB33,106.362,663
LG-3DB36,"Shaker Lunar Gray - Drawer Base Cabinet - 36""W x 34-1/2""H x 24""D - 3DRW",934,LG-DS-3DB36,Door Set LG-3DB36,37.926,237,UBX-3DB36,Cabinet Box for 3DB36,111.159,697
LG-B12,"Shaker Lunar Gray - Base Cabinet - 12""W x 34-1/2""H x 24""D - 1D, 1Drw, 1S",376,LG-DS-B12,Door Set LG-B12,16.173,112,UBX-B12,Cabinet Box for B12,37.701,264
LG-B15,"Shaker Lunar Gray - Base Cabinet - 15""W x 34-1/2""H x 24""D - 1D, 1Drw, 1S",426,LG-DS-B15,Door Set LG-B15,18.522,134,UBX-B15,Cabinet Box for B15,40.149,292
LG-B18,"Shaker Lunar Gray - Base Cabinet - 18""W x 34-1/2""H x 24""D - 1D, 1Drw, 1S",458,LG-DS-B18,Door Set LG-B18,20.871,150,UBX-B18,Cabinet Box for B18,42.606,308
LG-B21,"Shaker Lunar Gray - Base Cabinet - 21""W x 34-1/2""H x 24""D - 1D, 1Drw, 1S",506,LG-DS-B21,Door Set LG-B21,23.22,172,UBX-B21,Cabinet Box for B21,45.063,334
LG-B24,"Shaker Lunar Gray - Base Cabinet - 24""W x 34-1/2""H x 24""D - 2D, 1Drw, 1S",551,LG-DS-B24,Door Set LG-B24,29.151,209,UBX-B24,Cabinet Box for B24,47.394,342
LG-B27,"Shaker Lunar Gray - Base Cabinet - 27""W x 34-1/2""H x 24""D - 2D, 1Drw, 1S",613,LG-DS-B27,Door Set LG-B27,31.491,236,UBX-B27,Cabinet Box for B27,50.247,377
LG-B30,"Shaker Lunar Gray - Base Cabinet - 30""W x 34-1/2""H x 24""D - 2D, 2Drw, 1S",717,LG-DS-B30,Door Set LG-B30,34.479,248,UBX-B30,Cabinet Box for B30,64.989,469
LG-B33,"Shaker Lunar Gray - Base Cabinet - 33""W x 34-1/2""H x 24""D - 2D, 2Drw, 1S",753,LG-DS-B33,Door Set LG-B33,36.828,264,UBX-B33,Cabinet Box for B33,67.86,489
LG-B36,"Shaker Lunar Gray - Base Cabinet - 36""W x 34-1/2""H x 24""D - 2D, 2Drw, 1S",805,LG-DS-B36,Door Set LG-B36,39.168,286,UBX-B36,Cabinet Box for B36,70.74,519
LG-B42,"Shaker Lunar Gray - Base Cabinet - 42""W x 34-1/2""H x 24""D - 2D, 2Drw, 1S",860,LG-DS-B42,Door Set LG-B42,45.558,321,UBX-B42,Cabinet Box for B42,76.374,539
LG-BBC36,"Shaker Lunar Gray - Blind Base Corner Cabinet - 33""W x 34-1/2""H x 24""D -1D, 1Drw, 1S *Install range 37"" min., 40"" max; Specify Left-hinge or Right Hinge assembly",506,LG-DS-BBC36,Door Set LG-BBC36,29.961,192,UBX-BBC36,Cabinet Box for BBC36,48.771,314
LG-BBC39,"Shaker Lunar Gray - Blind Base Corner Cabinet - 36""W x 34-1/2""H x 24""D -1D, 1Drw, 1S *Install range 40"" min., 43"" max; Specify Left-hinge or Right Hinge assembly",615,LG-DS-BBC39,Door Set LG-BBC39,31.446,237,UBX-BBC39,Cabinet Box for BBC39,49.968,378
LG-BBC42,"Shaker Lunar Gray - Blind Base Corner Cabinet - 39""W x 34-1/2""H x 24""D -1D, 1Drw, 1S *Install range 43"" min., 46"" max; Specify Left-hinge or Right Hinge assembly",697,LG-DS-BBC42,Door Set LG-BBC42,32.967,273,UBX-BBC42,Cabinet Box for BBC42,50.976,424
LG-BEC24,"Shaker Lunar Gray - Angle Base Cabinet - 24""W x 34-1/2""H x 24""D - 2D",478,LG-DS-BEC24,Door Set LG-BEC24,38.421,250,UBX-BEC24,Cabinet Box for BEC24,34.974,228
LG-BFH12,"Shaker Lunar Gray - Base Cabinet - Full Height Door-12""W x 34-1/2""H x 24""D - 1D, 1S",292,LG-DS-BFH12/W1230,Door Set LG-BFH12/W1230,15.327,112,UBX-BFH12,Cabinet Box for BFH12,24.183,180
LG-BFH15,"Shaker Lunar Gray - Base Cabinet - Full Height Door-15""W x 34-1/2""H x 24""D - 1D, 1S",324,LG-DS-BFH15/W1530,Door Set LG-BFH15/W1530,17.325,130,UBX-BFH15,Cabinet Box for BFH15,26.001,194
LG-BFH18,"Shaker Lunar Gray - Base Cabinet - Full Height Door-18""W x 34-1/2""H x 24""D - 1D, 1S",356,LG-DS-BFH18/W1830,Door Set LG-BFH18/W1830,19.332,150,UBX-BFH18,Cabinet Box for BFH18,27.819,206
LG-BFH21,"Shaker Lunar Gray - Base Cabinet - Full Height Door-21""W x 34-1/2""H x 24""D - 1D, 1S",388,LG-DS-BFH21/W2130,Door Set LG-BFH21/W2130,21.339,166,UBX-BFH21,Cabinet Box for BFH21,29.637,222
LG-BFH24,"Shaker Lunar Gray - Base Cabinet - Full Height Door-24""W x 34-1/2""H x 24""D - 2D, 1S",442,LG-DS-BFH24/W2430,Door Set LG-BFH24/W2430,27.549,210,UBX-BFH24,Cabinet Box for BFH24,31.392,232
LG-BFH27,"Shaker Lunar Gray - Base Cabinet - Full Height Door-27""W x 34-1/2""H x 24""D - 2D, 1S",477,LG-DS-BFH27/W2730,Door Set LG-BFH27/W2730,29.547,229,UBX-BFH27,Cabinet Box for BFH27,33.606,248
LG-BFH30,"Shaker Lunar Gray - Base Cabinet - Full Height Door-30""W x 34-1/2""H x 24""D - 2D, 1S",513,LG-DS-BFH30/W3030,Door Set LG-BFH30/W3030,31.554,251,UBX-BFH30,Cabinet Box for BFH30,35.811,262
LG-BFH33,"Shaker Lunar Gray - Base Cabinet - Full Height Door-33""W x 34-1/2""H x 24""D - 2D, 1S",548,LG-DS-BFH33/W3330,Door Set LG-BFH33/W3330,33.561,263,UBX-BFH33,Cabinet Box for BFH33,38.025,285
LG-BFH36,"Shaker Lunar Gray - Base Cabinet - Full Height Door-36""W x 34-1/2""H x 24""D - 2D, 1S",583,LG-DS-BFH36/W3630,Door Set LG-BFH36/W3630,35.568,286,UBX-BFH36,Cabinet Box for BFH36,40.239,297
LG-BT09,"Shaker Lunar Gray - Base Cabinet - 9""W x 34-1/2""H x 24""D - 1D",289,LG-DS-BT09/W0930,Door Set LG-BT09/W0930,13.32,98,UBX-BT09,Cabinet Box for BT09,22.356,191
LG-BWB18,"Shaker Lunar Gray - Base Waste Basket - 18"" x 34 1/2 x 24",614,LG-DS-BWB18,Door Set LG-BWB18,19.26,142,UBX-BWB18,Cabinet Box for BWB18,63.459,472
LG-CSB36,"Shaker Lunar Gray - Corner Sink Base - 36""W x 34-1/2""H x 24""D",638,LG-DS-CSB36,Door Set LG-CSB36,21.951,202,UBX-CSB36,Cabinet Box for CSB36,47.079,436
LG-DFB18,"Shaker Lunar Gray - Two Drawer Base Cabinet - 18""",520,LG-DS-DFB18,Door Set LG-DFB18,19.377,130,UBX-DFB18,Cabinet Box for DFB18,58.05,390
LG-ERB33,"Shaker Lunar Gray - Easy Reach Base Cabinet - 33""W x 34-1/2""H - 1D",645,LG-DS-ERB33,Door Set LG-ERB33,25.713,211,UBX-ERB33,Cabinet Box for ERB33,52.83,434
LG-ERB36,"Shaker Lunar Gray - Easy Reach Base Cabinet - 36""W x 34-1/2""H - 1D",720,LG-DS-ERB36,Door Set LG-ERB36,29.529,242,UBX-ERB36,Cabinet Box for ERB36,58.023,478
LG-FSB36,"Shaker Lunar Gray - Farm Sink Base - 36""W X 34-1/2""H X 24""D",610,LG-DS-FSB36,Door Set LG-FSB36,33.084,331,UBX-SB36/FSB36,Cabinet Box for SB36/FSB36,32.859,279
LG-MB30,"Shaker Lunar Gray - Microwave Base Cabinet - 30""W x 34-1/2""H x 24""D -1Drw",679,LG-DS-MB30,Door Set LG-MB30,17.685,152,UBX-MB30,Cabinet Box for MB30,60.903,527
LG-MB33,"Shaker Lunar Gray - Microwave Base Cabinet - 33""W x 34-1/2""H x 24""D -1Drw",718,LG-DS-MB33,Door Set LG-MB33,19.098,164,UBX-MB33,Cabinet Box for MB33,64.242,554
LG-SB27,"Shaker Lunar Gray - Sink Base - 27""W x 34-1/2""H x 24""D - 1 False Drawer",480,LG-DS-SB27/VS27,Door Set LG-SB27/VS27,31.491,253,UBX-SB27,Cabinet Box for SB27,28.098,227
LG-SB30,"Shaker Lunar Gray - Sink Base - 30""W x 34-1/2""H x 24""D - 1 False Drawer",526,LG-DS-SB30/VS30,Door Set LG-SB30/VS30,34.479,282,UBX-SB30,Cabinet Box for SB30,29.79,244
LG-SB33,"Shaker Lunar Gray - Sink Base - 33""W x 34-1/2""H x 24""D - 2 False Drawers",562,LG-DS-SB33/VS33,Door Set LG-SB33/VS33,36.828,303,UBX-SB33,Cabinet Box for SB33,31.32,259
LG-SB36,"Shaker Lunar Gray - Sink Base - 36""W x 34-1/2""H x 24""D - 2 False Drawers",610,LG-DS-SB36/VS36,Door Set LG-SB36/VS36,39.168,331,UBX-SB36/FSB36,Cabinet Box for SB36/FSB36,32.859,279
LG-AW1230,"Shaker Lunar Gray - Angle Wall Cabinet - 12""W x 30""H x 12""D - 1D -2S",261,LG-DS-AW1230,Door Set LG-AW1230,18.9287344,161,UBX-AW1230,Cabinet Box for AW1230,11.70189066,100
LG-AW1236,"Shaker Lunar Gray - Angle Wall Cabinet - 12""W x 36""H x 12""D - 1D -2S",283,LG-DS-AW1236,Door Set LG-AW1236,21.79614001,177,UBX-AW1236,Cabinet Box for AW1236,12.92431774,106
LG-AW1242,"Shaker Lunar Gray - Angle Wall Cabinet - 12""W x 42""H x 12""D - 1D -3S",306,LG-DS-AW1242,Door Set LG-AW1242,24.68241013,184,UBX-AW1242,Cabinet Box for AW1242,16.33380399,122
LG-DCW2412GD,"Shaker Lunar Gray - Wall Diagonal Glass Door Corner Cabinet - 24""W x 12""H x 12""D - 1D -2S",235,LG-DS-DCW2412GD,Door Set LG-DCW2412GD,12.54462269,90,UBX-DCW2412,Cabinet Box for DCW2412,20.01450914,145
LG-DCW2430,"Shaker Lunar Gray - Wall Diagonal Corner Cabinet - 24""W x 30""H x 12""D - 1D -2S",508,LG-DS-DCW2430,Door Set LG-DCW2430,21.63416798,171,UBX-DCW2430,Cabinet Box for DCW2430,42.42337054,337
LG-DCW2430GD,"Shaker Lunar Gray - Wall Diagonal Glass Door Corner Cabinet - 24""W x 30""H x 12""D - 1D -2S",535,LG-DS-DCW2430GD,Door Set LG-DCW2430GD,22.55154324,198,UBX-DCW2430,Cabinet Box for DCW2430,42.42337054,337
LG-DCW2436,"Shaker Lunar Gray - Wall Diagonal Corner Cabinet - 24""W x 36""H x 12""D - 1D- 2S",573,LG-DS-DCW2436,Door Set LG-DCW2436,24.76583993,199,UBX-DCW2436,Cabinet Box for DCW2436,46.21329761,374
LG-DCW2436GD,"Shaker Lunar Gray - Wall Diagonal Glass Door Corner Cabinet - 24""W x 36""H x 12""D - 1D-2S",603,LG-DS-DCW2436GD,Door Set LG-DCW2436GD,25.87988443,229,UBX-DCW2436,Cabinet Box for DCW2436,46.21329761,374
LG-DCW2442,"Shaker Lunar Gray - Wall Diagonal Corner Cabinet - 24""W x 42""H x 12""D - 1D -3S",664,LG-DS-DCW2442,Door Set LG-DCW2442,28.84210977,225,UBX-DCW2442,Cabinet Box for DCW2442,56.15577976,439
LG-DCW2442GD,"Shaker Lunar Gray - Wall Diagonal Glass Door Corner Cabinet - 24""W x 42""H x 12""D - 1D -3S",706,LG-DS-DCW2442GD,Door Set LG-DCW2442GD,29.2301226,267,UBX-DCW2442,Cabinet Box for DCW2442,56.15577976,439
LG-MO3030,"Shaker Lunar Gray - Microwave Oven Cabinet - 30""W x 30""H x 12""D - 2D, 1S",587,LG-DS-MO3030,Door Set LG-MO3030,20.74981015,245,UBX-MO3030,Cabinet Box for MO3030,28.81274741,342
LG-MO3036,"Shaker Lunar Gray - Microwave Oven Cabinet - 30""W x 36""H x 12""D - 2D, 1S",679,LG-DS-MO3036,Door Set LG-MO3036,25.35660349,300,UBX-MO3036,Cabinet Box for MO3036,31.88040936,379
LG-MO3042,"Shaker Lunar Gray - Microwave Oven Cabinet - 30""W x 42""H x 12""D - 2D, 1S",799,LG-DS-MO3042,Door Set LG-MO3042,29.99370467,368,UBX-MO3042,Cabinet Box for MO3042,34.96825329,431
LG-W0930,"Shaker Lunar Gray - Wall Cabinet - 09""W x 30""H x 12""D - 1D -2S",201,LG-DS-BT09/W0930,Door Set LG-BT09/W0930,13.32,98,UBX-W0930,Cabinet Box for W0930,13.87404742,103
LG-W0936,"Shaker Lunar Gray - Wall Cabinet - 09""W x 36""H x 12""D - 1D -2S",219,LG-DS-W0936,Door Set LG-W0936,15.33545118,108,UBX-W0936,Cabinet Box for W0936,15.54018639,111
LG-W0942,"Shaker Lunar Gray - Wall Cabinet - 09""W x 42""H x 12""D - 1D - 3S",259,LG-DS-W0942,Door Set LG-W0942,18.29036244,129,UBX-W0942,Cabinet Box for W0942,18.27704797,130
LG-W1212GD,"Shaker Lunar Gray - Wall Cabinet - 12""W x 12""H x 12""D - 1D",119,LG-DS-W1212GD,Door Set LG-W1212GD,8.491760783,62,UBX-W1212,Cabinet Box for W1212,7.63067385,57
LG-W1230,"Shaker Lunar Gray - Wall Cabinet - 12""W x 30""H x 12""D - 1D -2S",227,LG-DS-BFH12/W1230,Door Set LG-BFH12/W1230,15.327,112,UBX-W1230,Cabinet Box for W1230,15.57122812,115
LG-W1236,"Shaker Lunar Gray - Wall Cabinet - 12""W x 36""H x 12""D - 1D -2S",261,LG-DS-W1236,Door Set LG-W1236,17.62679507,131,UBX-W1236,Cabinet Box for W1236,17.35282231,130
LG-W1242,"Shaker Lunar Gray - Wall Cabinet - 12""W x 42""H x 12""D - 1D- 3S",301,LG-DS-W1242,Door Set LG-W1242,20.87018409,151,UBX-W1242,Cabinet Box for W1242,20.52633704,150
LG-W1512GD,"Shaker Lunar Gray - Wall Cabinet - 15""W x 12""H x 12""D - 1D",134,LG-DS-W1512GD,Door Set LG-W1512GD,9.679831071,71,UBX-W1512,Cabinet Box for W1512,8.539461111,63
LG-W1530,"Shaker Lunar Gray - Wall Cabinet - 15""W x 30""H x 12""D - 1D -2S",263,LG-DS-BFH15/W1530,Door Set LG-BFH15/W1530,17.325,130,UBX-W1530,Cabinet Box for W1530,17.64800811,133
LG-W1530GD,"Shaker Lunar Gray - Wall Glass Door Cabinet - 15""W x 30""H x 12""D - 1D -2S",299,LG-DS-W1530GD,Door Set LG-W1530GD,17.90212237,166,UBX-W1530,Cabinet Box for W1530,17.64800811,133
LG-W1536,"Shaker Lunar Gray - Wall Cabinet - 15""W x 36""H x 12""D - 1D -2S",302,LG-DS-W1536,Door Set LG-W1536,19.91813895,152,UBX-W1536,Cabinet Box for W1536,19.60492317,150
LG-W1536GD,"Shaker Lunar Gray - Wall Glass Door Cabinet - 15""W x 36""H x 12""D - 1D -2S",340,LG-DS-W1536GD,Door Set LG-W1536GD,20.63688885,190,UBX-W1536,Cabinet Box for W1536,19.60492317,150
LG-W1542,"Shaker Lunar Gray - Wall Cabinet - 15""W x 42""H x 12""D - 1D - 3S",354,LG-DS-W1542,Door Set LG-W1542,23.45000575,177,UBX-W1542,Cabinet Box for W1542,23.27535054,177
LG-W1542GD,"Shaker Lunar Gray - Wall Glass Door Cabinet - 15""W x 42""H x 12""D - 1D- 3S",390,LG-DS-W1542GD,Door Set LG-W1542GD,24.31364199,213,UBX-W1542,Cabinet Box for W1542,23.27535054,177
LG-W1812GD,"Shaker Lunar Gray - Wall Cabinet - 18""W x 12""H x 12""D - 1D",154,LG-DS-W1812GD,Door Set LG-W1812GD,10.86790136,82,UBX-W1812,Cabinet Box for W1812,9.448248372,72
LG-W1830,"Shaker Lunar Gray - Wall Cabinet - 18""W x 30""H x 12""D - 1D - 2S",305,LG-DS-BFH18/W1830,Door Set LG-BFH18/W1830,19.332,150,UBX-W1830,Cabinet Box for W1830,19.7247881,155
LG-W1830GD,"Shaker Lunar Gray - Wall Glass Door Cabinet - 18""W x 30""H x 12""D - 1D -2S",348,LG-DS-W1830GD,Door Set LG-W1830GD,20.0888973,193,UBX-W1830,Cabinet Box for W1830,19.7247881,155
LG-W1836,"Shaker Lunar Gray - Wall Cabinet - 18""W x 36""H x 12""D - 1D -2S",354,LG-DS-W1836,Door Set LG-W1836,22.20948283,178,UBX-W1836,Cabinet Box for W1836,21.85702403,176
LG-W1836GD,"Shaker Lunar Gray - Wall Glass Door Cabinet - 18""W x 36""H x 12""D - 1D -2S",416,LG-DS-W1836GD,Door Set LG-W1836GD,23.15583686,240,UBX-W1836,Cabinet Box for W1836,21.85702403,176
LG-W1842,"Shaker Lunar Gray - Wall Cabinet - 18""W x 42""H x 12""D - 1D -3S",404,LG-DS-W1842,Door Set LG-W1842,26.0298274,202,UBX-W1842,Cabinet Box for W1842,26.02436404,202
LG-W1842GD,"Shaker Lunar Gray - Wall Cabinet - 18""W x 42""H x 12""D - 1D -3S",459,LG-DS-W1842GD,Door Set LG-W1842GD,27.16694845,257,UBX-W1842,Cabinet Box for W1842,26.02436404,202
LG-W2112GD,"Shaker Lunar Gray - Wall Cabinet - 21""W x 12""H x 12""D - 1D",169,LG-DS-W2112GD,Door Set LG-W2112GD,12.05597165,90,UBX-W2112,Cabinet Box for W2112,10.35703563,79
LG-W2130,"Shaker Lunar Gray - Wall Cabinet - 21""W x 30""H x 12""D - 1D -2S",336,LG-DS-BFH21/W2130,Door Set LG-BFH21/W2130,21.339,166,UBX-W2130,Cabinet Box for W2130,21.80156809,170
LG-W2136,"Shaker Lunar Gray - Wall Cabinet - 21""W x 36""H x 12""D - 1D -2S",397,LG-DS-W2136,Door Set LG-W2136,24.50082672,200,UBX-W2136,Cabinet Box for W2136,24.1091249,197
LG-W2142,"Shaker Lunar Gray - Wall Cabinet - 21""W x 42""H x 12""D - 1D -3S",443,LG-DS-W2142,Door Set LG-W2142,28.60964905,220,UBX-W2142,Cabinet Box for W2142,28.77337755,223
LG-W2412GD,"Shaker Lunar Gray - Wall Cabinet - 24""W x 12""H x 12""D - 2D",206,LG-DS-W2412GD,Door Set LG-W2412GD,15.61835308,118,UBX-W2412,Cabinet Box for W2412,11.51136164,88
LG-W2418,"Shaker Lunar Gray - Wall Cabinet - 24""W x 18""H x 12""D - 2D",287,LG-DS-W2418,Door Set LG-W2418,19.45191451,167,UBX-W2418,Cabinet Box for W2418,13.9406725,120
LG-W2430,"Shaker Lunar Gray - Wall Cabinet - 24""W x 30""H x 12""D - 2D -2S",394,LG-DS-BFH24/W2430,Door Set LG-BFH24/W2430,27.549,210,UBX-W2430/WBC2430,Cabinet Box for W2430/WBC2430,23.97126657,184
LG-W2430GD,"Shaker Lunar Gray - Wall Glass Door Cabinet - 24""W x 30""H x 12""D - 2D -2S",443,LG-DS-W2430GD,Door Set LG-W2430GD,28.35519373,259,UBX-W2430/WBC2430,Cabinet Box for W2430/WBC2430,23.97126657,184
LG-W2436,"Shaker Lunar Gray - Wall Cabinet - 24""W x 36""H x 12""D - 2D -2S",462,LG-DS-W2436,Door Set LG-W2436,31.57927765,251,UBX-W2436,Cabinet Box for W2436,26.40057742,211
LG-W2436GD,"Shaker Lunar Gray - Wall Glass Door Cabinet - 24""W x 36""H x 12""D - 2D -2S",461,LG-DS-W2436GD,Door Set LG-W2436GD,32.59151709,250,UBX-W2436,Cabinet Box for W2436,26.40057742,211
LG-W2442,"Shaker Lunar Gray - Wall Cabinet - 24""W x 42""H x 12""D - 2D -3S",539,LG-DS-W2442,Door Set LG-W2442,37.48741287,292,UBX-W2442/WBC2442,Cabinet Box for W2442/WBC2442,31.60021396,247
LG-W2442GD,"Shaker Lunar Gray - Wall Glass Door Cabinet - 24""W x 42""H x 12""D - 2D -3S",589,LG-DS-W2442GD,Door Set LG-W2442GD,38.70370057,342,UBX-W2442/WBC2442,Cabinet Box for W2442/WBC2442,31.60021396,247
LG-W2712GD,"Shaker Lunar Gray - Wall Cabinet - 27""W x 12""H x 12""D - 2D",224,LG-DS-W2712GD,Door Set LG-W2712GD,16.80642337,128,UBX-W2712,Cabinet Box for W2712,12.4201489,96
LG-W2730,"Shaker Lunar Gray - Wall Cabinet - 27""W x 30""H x 12""D - 2D -2S",431,LG-DS-BFH27/W2730,Door Set LG-BFH27/W2730,29.547,229,UBX-W2730/WBC2730,Cabinet Box for W2730/WBC2730,26.04804656,202
LG-W2736,"Shaker Lunar Gray - Wall Cabinet - 27""W x 36""H x 12""D - 2D -2S",498,LG-DS-W2736,Door Set LG-W2736,33.87062154,269,UBX-W2736/WBC2736,Cabinet Box for W2736/WBC2736,28.65267828,229
LG-W2742,"Shaker Lunar Gray - Wall Cabinet - 27""W x 42""H x 12""D - 2D -3S",555,LG-DS-W2742,Door Set LG-W2742,40.06723452,298,UBX-W2742/WBC2742,Cabinet Box for W2742/WBC2742,34.34922746,257
LG-W3012,"Shaker Lunar Gray - Wall Cabinet - 30""W x 12""H x 12""D - 2D",261,LG-DS-W3012/W301224,Door Set LG-W3012/W301224,17.70448423,148,UBX-W3012,Cabinet Box for W3012,13.32893616,113
LG-W301224,"Shaker Lunar Gray - Wall Refrigerator Cabinet-30""W x 12""H x 24""D - 2D",332,LG-DS-W3012/W301224,Door Set LG-W3012/W301224,17.70448423,148,UBX-W301224,Cabinet Box for W301224,22.86375836,184
LG-W3012GD,"Shaker Lunar Gray - Wall Glass Door Cabinet - 30""W x 12""H x 12""D - 2D",282,LG-DS-W3012GD,Door Set LG-W3012GD,17.99449365,169,UBX-W3012,Cabinet Box for W3012,13.32893616,113
LG-W3015,"Shaker Lunar Gray - Wall Cabinet - 30""W x 15""H x 12""D - 2D",293,LG-DS-W3015/W301524,Door Set LG-W3015/W301524,20.00788089,168,UBX-W3015,Cabinet Box for W3015,14.71891246,125
LG-W301524,"Shaker Lunar Gray - Wall Refrigerator Cabinet - 30""W x 15""H x 24""D - 2D",360,LG-DS-W3015/W301524,Door Set LG-W3015/W301524,20.00788089,168,UBX-W301524,Cabinet Box for W301524,24.49231137,192
LG-W3018,"Shaker Lunar Gray - Wall Cabinet - 30""W x 18""H x 12""D - 2D",322,LG-DS-W3018/W301824,Door Set LG-W3018/W301824,22.31127756,186,UBX-W3018,Cabinet Box for W3018,16.10888876,136
LG-W301824,"Shaker Lunar Gray - Wall Refrigerator Cabinet - 30""W x 18""H x 24""D - 2D",402,LG-DS-W3018/W301824,Door Set LG-W3018/W301824,22.31127756,186,UBX-W301824,Cabinet Box for W301824,26.12086437,216
LG-W3018GD,"Shaker Lunar Gray - Wall Cabinet - 30""W x 18""H x 12""D - 2D ",354,LG-DS-W3018GD,Door Set LG-W3018GD,22.89516321,218,UBX-W3018,Cabinet Box for W3018,16.10888876,136
LG-W3024,"Shaker Lunar Gray - Wall Cabinet - 30""W x 24""H x 12""D - 2D - 1S",388,LG-DS-W3024/W302424,Door Set LG-W3024/W302424,26.94837875,213,UBX-W3024,Cabinet Box for W3024,22.12600223,175
LG-W302424,"Shaker Lunar Gray - Wall Refrigerator Cabinet - 30""W x 24""H x 24""D - 2D -1S",485,LG-DS-W3024/W302424,Door Set LG-W3024/W302424,26.94837875,213,UBX-W302424,Cabinet Box for W302424,36.1134048,272
LG-W3030,"Shaker Lunar Gray - Wall Cabinet - 30""W x 30""H x 12""D - 2D -2S",476,LG-DS-BFH30/W3030,Door Set LG-BFH30/W3030,31.554,251,UBX-W3030,Cabinet Box for W3030,28.12482655,225
LG-W3030GD,"Shaker Lunar Gray - Wall Glass Door Cabinet - 30""W x 30""H x 12""D -2D-2S",525,LG-DS-W3030GD,Door Set LG-W3030GD,32.72874357,300,UBX-W3030,Cabinet Box for W3030,28.12482655,225
LG-W3036,"Shaker Lunar Gray - Wall Cabinet - 30""W x 36""H x 12""D - 2D -2S",545,LG-DS-W3036,Door Set LG-W3036,36.16196542,293,UBX-W3036,Cabinet Box for W3036,30.90477914,252
LG-W3036GD,"Shaker Lunar Gray - Wall Glass Door Cabinet - 30""W x 36""H x 12""D -2D- 2S",613,LG-DS-W3036GD,Door Set LG-W3036GD,37.62941313,361,UBX-W3036,Cabinet Box for W3036,30.90477914,252
LG-W3042,"Shaker Lunar Gray - Wall Cabinet - 30""W x 42""H x 12""D - 2D -3S",632,LG-DS-W3042,Door Set LG-W3042,42.64705617,337,UBX-W3042,Cabinet Box for W3042,37.09824097,295
LG-W3042GD,"Shaker Lunar Gray - Wall Glass Door Cabinet - 30""W x 42""H x 12""D -2D- 2S",700,LG-DS-W3042GD,Door Set LG-W3042GD,44.4103135,405,UBX-W3042,Cabinet Box for W3042,37.09824097,295
LG-W3312,"Shaker Lunar Gray - Wall Cabinet - 33""W x 12""H x 12""D - 2D",274,LG-DS-W3312/W331224,Door Set LG-W3312/W331224,18.84757346,156,UBX-W3312,Cabinet Box for W3312,14.23772342,118
LG-W331224,"Shaker Lunar Gray - Wall Refrigerator Cabinet-33""W x 12""H x 24""D - 2D",351,LG-DS-W3312/W331224,Door Set LG-W3312/W331224,18.84757346,156,UBX-W331224,Cabinet Box for W331224,24.46458174,195
LG-W3312GD,"Shaker Lunar Gray - Wall Glass Door Cabinet - 33""W x 12""H x 12""D - 2D",299,LG-DS-W3312GD,Door Set LG-W3312GD,19.18256394,181,UBX-W3312,Cabinet Box for W3312,14.23772342,118
LG-W3315,"Shaker Lunar Gray - Wall Cabinet - 33""W x 15""H x 12""D - 2D",302,LG-DS-W3315/W331524,Door Set LG-W3315/W331524,21.29426627,173,UBX-W3315,Cabinet Box for W3315,15.71536016,129
LG-W331524,"Shaker Lunar Gray - Wall Refrigerator Cabinet - 33""W x 15""H x 24""D -2D",380,LG-DS-W3315/W331524,Door Set LG-W3315/W331524,21.29426627,173,UBX-W331524,Cabinet Box for W331524,26.15086236,207
LG-W3318,"Shaker Lunar Gray - Wall Cabinet - 33""W x 18""H x 12""D - 2D",332,LG-DS-W3318/W331824,Door Set LG-W3318/W331824,23.74095909,192,UBX-W3318,Cabinet Box for W3318,17.19299689,140
LG-W331824,"Shaker Lunar Gray - Wall Refrigerator Cabinet - 33""W x 18""H x 24""D -2D",414,LG-DS-W3318/W331824,Door Set LG-W3318/W331824,23.74095909,192,UBX-W331824,Cabinet Box for W331824,27.83714297,222
LG-W3324,"Shaker Lunar Gray - Wall Cabinet - 33""W x 24""H x 12""D - 2D - 1S",396,LG-DS-W3324/W332424,Door Set LG-W3324/W332424,28.66653804,216,UBX-W3324,Cabinet Box for W3324,23.70702301,180
LG-W332424,"Shaker Lunar Gray - Wall Refrigerator Cabinet -33""W x 24""H x 24""D-2D -1S",525,LG-DS-W3324/W332424,Door Set LG-W3324/W332424,28.66653804,216,UBX-W332424,Cabinet Box for W332424,38.6352674,309
LG-W3330,"Shaker Lunar Gray - Wall Cabinet - 33""W x 30""H x 12""D - 2D -2S",501,LG-DS-BFH33/W3330,Door Set LG-BFH33/W3330,33.561,263,UBX-W3330,Cabinet Box for W3330,30.20160654,238
LG-W3336,"Shaker Lunar Gray - Wall Cabinet - 33""W x 36""H x 12""D - 2D -2S",591,LG-DS-W3336,Door Set LG-W3336,38.4533093,317,UBX-W3336,Cabinet Box for W3336,33.15688001,274
LG-W3342,"Shaker Lunar Gray - Wall Cabinet - 33""W x 42""H x 12""D - 2D -3S",674,LG-DS-W3342,Door Set LG-W3342,45.22687782,358,UBX-W3342,Cabinet Box for W3342,39.84725447,316
LG-W3612,"Shaker Lunar Gray - Wall Cabinet - 36""W x 12""H x 12""D - 2D",290,LG-DS-W3612/W361224,Door Set LG-W3612/W361224,19.99066269,164,UBX-W3612,Cabinet Box for W3612,15.14651068,126
LG-W361224,"Shaker Lunar Gray - Wall Cabinet - 36""W x 12""H x 24""D - 2D",368,LG-DS-W3612/W361224,Door Set LG-W3612/W361224,19.99066269,164,UBX-W361224,Cabinet Box for W361224,26.06540512,204
LG-W3612GD,"Shaker Lunar Gray - Wall Glass Door Cabinet - 36""W x 12""H x 12""D - 2D",317,LG-DS-W3612GD,Door Set LG-W3612GD,20.37063423,191,UBX-W3612,Cabinet Box for W3612,15.14651068,126
LG-W3615,"Shaker Lunar Gray - Wall Cabinet - 36""W x 15""H x 12""D - 2D",312,LG-DS-W3615/W361524,Door Set LG-W3615/W361524,22.58065166,179,UBX-W3615,Cabinet Box for W3615,16.71180785,133
LG-W361524,"Shaker Lunar Gray - Wall Refrigerator Cabinet - 36""W x 15""H x 24""D - 2D",393,LG-DS-W3615/W361524,Door Set LG-W3615/W361524,22.58065166,179,UBX-W361524,Cabinet Box for W361524,27.80941334,214
LG-W3618,"Shaker Lunar Gray - Wall Cabinet - 36""W x 18""H x 12""D - 2D",349,LG-DS-W3618/W361824,Door Set LG-W3618/W361824,25.17064062,202,UBX-W3618,Cabinet Box for W3618,18.27710502,147
LG-W361824,"Shaker Lunar Gray - Wall Refrigerator Cabinet - 36""W x 18""H x 24""D - 2D",428,LG-DS-W3618/W361824,Door Set LG-W3618/W361824,25.17064062,202,UBX-W361824,Cabinet Box for W361824,29.55342157,226
LG-W3624,"Shaker Lunar Gray - Wall Cabinet - 36""W x 24""H x 12""D - 2D - 1S",455,LG-DS-W3624/W362424,Door Set LG-W3624/W362424,30.38469734,248,UBX-W3624,Cabinet Box for W3624,25.28804378,207
LG-W362424,"Shaker Lunar Gray - Wall Refrigerator Cabinet - 36""W x 24""H x 24""D - 2D -1S",560,LG-DS-W3624/W362424,Door Set LG-W3624/W362424,30.38469734,248,UBX-W362424,Cabinet Box for W362424,41.15712999,312
LG-W3630,"Shaker Lunar Gray - Wall Cabinet - 36""W x 30""H x 12""D - 2D -2S",546,LG-DS-BFH36/W3630,Door Set LG-BFH36/W3630,35.568,286,UBX-W3630/WBC3630,Cabinet Box for W3630/WBC3630,32.27838653,260
LG-W3636,"Shaker Lunar Gray - Wall Cabinet - 36""W x 36""H x 12""D - 2D -2S",631,LG-DS-W3636,Door Set LG-W3636,40.74465319,337,UBX-W3636,Cabinet Box for W3636,35.40898087,294
LG-W3642,"Shaker Lunar Gray - Wall Cabinet - 36""W x 42""H x 12""D - 2D -3S",722,LG-DS-W3642,Door Set LG-W3642,47.80669948,381,UBX-W3642/WBC3642,Cabinet Box for W3642/WBC3642,42.59626798,341
LG-W3930,"Shaker Lunar Gray - Wall Cabinet - 39""W x 30""H x 12""D - 2D -2S",566,LG-DS-W3930,Door Set LG-W3930,37.59580516,295,UBX-W3930,Cabinet Box for W3930,34.38249257,271
LG-WBC2430,"Shaker Lunar Gray - Wall Blind Corner Cabinet - 24""W x 30""H x 12""D - 1D -2S",336,LG-DS-WBC2430,Door Set LG-WBC2430,25.09589566,152,UBX-W2430/WBC2430,Cabinet Box for W2430/WBC2430,23.97126657,184
LG-WBC2442,"Shaker Lunar Gray - Wall Blind Corner Cabinet - 24""W x 42""H x 12""D - 1D -3S",456,LG-DS-WBC2442,Door Set LG-WBC2442,34.38889181,209,UBX-W2442/WBC2442,Cabinet Box for W2442/WBC2442,31.60021396,247
LG-WBC2730,"Shaker Lunar Gray - Wall Blind Corner Cabinet - 27""W x 30""H x 12""D - 1D -2S",364,LG-DS-WBC2730,Door Set LG-WBC2730,25.60699046,162,UBX-W2730/WBC2730,Cabinet Box for W2730/WBC2730,26.04804656,202
LG-WBC2736,"Shaker Lunar Gray - Wall Blind Corner Cabinet - 27""W x 36""H x 12""D - 1D -2S",413,LG-DS-WBC2736,Door Set LG-WBC2736,29.81637723,184,UBX-W2736/WBC2736,Cabinet Box for W2736/WBC2736,28.65267828,229
LG-WBC2742,"Shaker Lunar Gray - Wall Blind Corner Cabinet - 27""W x 42""H x 12""D - 1D -3S",483,LG-DS-WBC2742,Door Set LG-WBC2742,34.97745211,226,UBX-W2742/WBC2742,Cabinet Box for W2742/WBC2742,34.34922746,257
LG-WBC3630,"Shaker Lunar Gray - Wall Blind Corner Cabinet - 36""W x 30""H x 12""D - 1D -2S",463,LG-DS-WBC3630,Door Set LG-WBC3630,27.14027485,203,UBX-W3630/WBC3630,Cabinet Box for W3630/WBC3630,32.27838653,260
LG-WBC3642,"Shaker Lunar Gray - Wall Blind Corner Cabinet - 36""W x 42""H x 12""D - 1D -3S",619,LG-DS-WBC3642,Door Set LG-WBC3642,35.81913823,278,UBX-W3642/WBC3642,Cabinet Box for W3642/WBC3642,42.59626798,341
LG-WD1848,"Shaker Lunar Gray - Wall With Drawer Cabinet-18""W x 48""H x 12""D- 1D, 2 DRW -2S",552,LG-DS-WD1848,Door Set LG-WD1848,31.8597614,175,UBX-WD1848,Cabinet Box for WD1848,68.35450421,377
LG-WD1854,"Shaker Lunar Gray - Wall With Drawer Cabinet-18""W x 54""H x 12""D- 1D, 2 DRW -2S",605,LG-DS-WD1854,Door Set LG-WD1854,34.75611118,199,UBX-WD1854,Cabinet Box for WD1854,70.50076801,406
LG-WD1860,"Shaker Lunar Gray - Wall With Drawer Cabinet-18""W x 60""H x 12""D- 1D, 2 DRW -3S",652,LG-DS-WD1860,Door Set LG-WD1860,37.63353058,222,UBX-WD1860,Cabinet Box for WD1860,72.63300394,430
LG-WER2430,"Shaker Lunar Gray - Wall Easy Reach Corner Cabinet - 24"" W X 30"" H X 12"" D - 2D - 2S",503,LG-DS-WER2430,Door Set LG-WER2430,25.03372405,161,UBX-WER2430,Cabinet Box for WER2430,52.75505789,342
LG-WER2436,"Shaker Lunar Gray - Wall Easy Reach Corner Cabinet - 24"" W X 36"" H X 12"" D - 2D - 2S",604,LG-DS-WER2436,Door Set LG-WER2436,28.25044499,196,UBX-WER2436,Cabinet Box for WER2436,58.76812591,408
LG-WER2442,"Shaker Lunar Gray - Wall Easy Reach Corner Cabinet - 24"" W X 42"" H X 12"" D - 2D - 2S",708,LG-DS-WER2442,Door Set LG-WER2442,31.48832856,231,UBX-WER2442,Cabinet Box for WER2442,64.8207536,477
LG-O308424,"Shaker Lunar Gray - Oven Cabinet - 30""W x 84""H X 24""D - 2D, 3DRW, 1S",1619,LG-DS-O308424,Door Set LG-O308424,81.298723,589,UBX-O308424,Cabinet Box for O308424,141.9177295,1030
LG-O309024,"Shaker Lunar Gray - Oven Cabinet - 30""W x 90""H X 24""D - 2D, 3DRW, 1S",1694,LG-DS-O309024,Door Set LG-O309024,80.15084799,554,UBX-O309024,Cabinet Box for O309024,164.7778978,1140
LG-O309624,"Shaker Lunar Gray - Oven Cabinet - 30""W x 96""H X 24""D - 2D, 3DRW, 1S",1827,LG-DS-O309624,Door Set LG-O309624,84.89282502,611,UBX-O309624,Cabinet Box for O309624,168.621791,1216
LG-O338424,"Shaker Lunar Gray - Oven Cabinet - 33""W x 84""H X 24""D - 2D, 3DRW, 1S",1699,LG-DS-O338424,Door Set LG-O338424,81.13022847,565,UBX-O338424,Cabinet Box for O338424,162.4955446,1134
LG-O339024,"Shaker Lunar Gray - Oven Cabinet - 33""W x 90""H X 24""D - 2D, 3DRW, 1S",1778,LG-DS-O339024,Door Set LG-O339024,86.67953319,592,UBX-O339024,Cabinet Box for O339024,173.2210278,1186
LG-O339624,"Shaker Lunar Gray - Oven Cabinet - 33""W x 96""H X 24""D - 2D, 3DRW, 1S",1938,LG-DS-O339624,Door Set LG-O339624,91.74851312,661,UBX-O339624,Cabinet Box for O339624,177.2009561,1277
LG-U188424,"Shaker Lunar Gray - Wall Pantry - 18""W x 84""H x 24""D - 2D, 5S",1101,LG-DS-U188424,Door Set LG-U188424,49.62545311,423,UBX-U188424,Cabinet Box for U188424,79.47439762,678
LG-U189024,"Shaker Lunar Gray - Wall Pantry - 18""W x 90""H x 24""D - 2D, 5S",1136,LG-DS-U189024,Door Set LG-U189024,52.61354248,441,UBX-U189024,Cabinet Box for U189024,82.81205831,695
LG-U189624,"Shaker Lunar Gray - Wall Pantry - 18""W x 96""H x 24""D - 2D, 5S",1187,LG-DS-U189624,Door Set LG-U189624,56.56116489,470,UBX-U189624,Cabinet Box for U189624,86.20235492,717
LG-U248424,"Shaker Lunar Gray - Wall Pantry - 24""W x 84""H x 24""D - 4D, 5S",1321,LG-DS-U248424,Door Set LG-U248424,71.3340264,575,UBX-U248424,Cabinet Box for U248424,92.2906212,746
LG-U249024,"Shaker Lunar Gray - Wall Pantry - 24""W x 90""H x 24""D - 4D, 5S",1370,LG-DS-U249024,Door Set LG-U249024,75.52277394,604,UBX-U249024,Cabinet Box for U249024,95.76166813,766
LG-U249624,"Shaker Lunar Gray - Wall Pantry - 24""W x 96""H x 24""D - 4D, 5S",1438,LG-DS-U249624,Door Set LG-U249624,81.63058758,648,UBX-U249624,Cabinet Box for U249624,99.33798688,790
LG-U308424,"Shaker Lunar Gray - Wall Pantry - 30""W x 84""H x 24""D - 4D, 5S",1635,LG-DS-U308424,Door Set LG-U308424,81.298723,704,UBX-U308424,Cabinet Box for U308424,107.497745,931
LG-U309024,"Shaker Lunar Gray - Wall Pantry - 30""W x 90""H x 24""D - 4D, 5S",1711,LG-DS-U309024,Door Set LG-U309024,86.0827007,746,UBX-U309024,Cabinet Box for U309024,111.2996376,965
LG-U309624,"Shaker Lunar Gray - Wall Pantry - 30""W x 96""H x 24""D - 4D, 5S",1805,LG-DS-U309624,Door Set LG-U309624,92.78574448,805,UBX-U309624,Cabinet Box for U309624,115.206802,1000
LG-3VDB12,"Shaker Lunar Gray - Vanity Drawer Base Cabinet - 12""W x 34 1/2""H x 21""D - 3 DRW",550,LG-DS-3DB12/3VDB12,Door Set LG-3DB12/3VDB12,15.408,101,UBX-3VDB12,Cabinet Box for 3VDB12,68.14970086,449
LG-3VDB15,"Shaker Lunar Gray - Vanity Drawer Base Cabinet - 15""W x 34 1/2""H x 21""D - 3 DRW",599,LG-DS-3DB15/3VDB15,Door Set LG-3DB15/3VDB15,18.216,120,UBX-3VDB15,Cabinet Box for 3VDB15,72.25302026,479
LG-3VDB18,"Shaker Lunar Gray - Vanity Drawer Base Cabinet - 18""W x 34 1/2""H x 21""D - 3 DRW",648,LG-DS-3DB18/3VDB18,Door Set LG-3DB18/3VDB18,21.024,139,UBX-3VDB18,Cabinet Box for 3VDB18,76.35633966,509
LG-3VDB21,"Shaker Lunar Gray - Vanity Drawer Base Cabinet - 21""W x 34 1/2""H x 21""D - 3 DRW",687,LG-DS-3DB21/3VDB21,Door Set LG-3DB21/3VDB21,23.841,157,UBX-3VDB21,Cabinet Box for 3VDB21,80.45965906,530
LG-3VDB24,"Shaker Lunar Gray - Vanity Drawer Base Cabinet - 24""W x 34 1/2""H x 21""D - 3 DRW",765,LG-DS-3DB24/3VDB24,Door Set LG-3DB24/3VDB24,26.685,182,UBX-3VDB24,Cabinet Box for 3VDB24,85.08929109,583
LG-V3021DL,"Shaker Lunar Gray - Vanity Sink Base - 30""W x 34 1/2"" x 21""D - 1D, 3 Left DRW",795,LG-DS-V3021DL,Door Set LG-V3021DL,39.27574441,284,UBX-V3021DL,Cabinet Box for V3021DL,70.39811058,511
LG-V3021DR,"Shaker Lunar Gray - Vanity Sink Base - 30""W x 34 1/2"" x 21""D - 1D, 3 Right DRW",795,LG-DS-V3021DR,Door Set LG-V3021DR,39.27574441,284,UBX-V3021DR,Cabinet Box for V3021DR,70.39811058,511
LG-V3321DL,"Shaker Lunar Gray - Vanity Sink Base - 33""W x 34 1/2"" x 21""D - 1D, 3 Left DRW",825,LG-DS-V3321DL,Door Set LG-V3321DL,41.64270232,294,UBX-V3321DL,Cabinet Box for V3321DL,75.20882226,531
LG-V3321DR,"Shaker Lunar Gray - Vanity Sink Base - 33""W x 34 1/2"" x 21""D - 1D, 3 Right DRW",825,LG-DS-V3321DR,Door Set LG-V3321DR,41.64270232,294,UBX-V3321DR,Cabinet Box for V3321DR,75.20882226,531
LG-V3621DL,"Shaker Lunar Gray - Vanity Sink Base - 36""W x 34 1/2"" x 21""D - 1D, 3 Left DRW",848,LG-DS-V3621DL,Door Set LG-V3621DL,44.03201142,309,UBX-V3621DL,Cabinet Box for V3621DL,76.54206446,539
LG-V3621DR,"Shaker Lunar Gray - Vanity Sink Base - 36""W x 34 1/2"" x 21""D - 1D, 3 Right DRW",848,LG-DS-V3621DR,Door Set LG-V3621DR,44.03201142,309,UBX-V3621DR,Cabinet Box for V3621DR,76.54206446,539
LG-VS24,"Shaker Lunar Gray - Vanity Sink Base Cabinet - 24""W x 34 1/2""H x 21""D",423,LG-DS-VS24,Door Set LG-VS24,29.147219,230,UBX-VS24,Cabinet Box for VS24,24.3777196,193
LG-VS27,"Shaker Lunar Gray - Vanity Sink Base Cabinet - 27""W x 34 1/2""H x 21""D",456,LG-DS-SB27/VS27,Door Set LG-SB27/VS27,31.491,253,UBX-VS27,Cabinet Box for VS27,25.84446652,203
LG-VS30,"Shaker Lunar Gray - Vanity Sink Base Cabinet - 30""W x 34 1/2""H x 21""D",489,LG-DS-SB30/VS30,Door Set LG-SB30/VS30,34.479,282,UBX-VS30,Cabinet Box for VS30,27.46628438,207
LG-VS33,"Shaker Lunar Gray - Vanity Sink Base Cabinet - 33""W x 34 1/2""H x 21""D",528,LG-DS-SB33/VS33,Door Set LG-SB33/VS33,36.828,303,UBX-VS33,Cabinet Box for VS33,28.93303129,225
LG-VS36,"Shaker Lunar Gray - Vanity Sink Base Cabinet - 36""W x 34 1/2""H x 21""D",549,LG-DS-SB36/VS36,Door Set LG-SB36/VS36,39.168,331,UBX-VS36,Cabinet Box for VS36,30.3997782,218
LG-VSD36,"Shaker Lunar Gray - Vanity Sink Drawer Base Cabinet - 36""W x 34 1/2""H x 21""D - 2 DRW, 2D",752,LG-DS-VSD36,Door Set LG-VSD36,40.07917854,321,UBX-VSD36,Cabinet Box for VSD36,53.77020886,431
LG-VSD42,"Shaker Lunar Gray - Vanity Sink Drawer Base Cabinet - 42""W x 34 1/2""H x 21""D - 2 DRW, 2D",839,LG-DS-VSD42,Door Set LG-VSD42,46.58712077,377,UBX-VSD42,Cabinet Box for VSD42,56.84088858,462
LG-VSD48,"Shaker Lunar Gray - Vanity Sink Drawer Base Cabinet - 48""W x 34 1/2""H x 21""D - 2 DRW, 2D",916,LG-DS-VSD48,Door Set LG-VSD48,51.32103659,418,UBX-VSD48,Cabinet Box for VSD48,60.93601883,498
RW-2DB24,"Shaker Rustic Wood - 2-Drawer Base Cabinet - 24""W x 34-1/2""H x 24""D - 2Drw",734,RW-DS-2DB24,Door Set RW-2DB24,25.45376964,196,UBX-2DB24,Cabinet Box for 2DB24,82.46799709,538
RW-2DB30,"Shaker Rustic Wood - 2-Drawer Base Cabinet - 30""W x 34-1/2""H x 24""D - 2Drw",827,RW-DS-2DB30,Door Set RW-2DB30,30.58648549,235,UBX-2DB30,Cabinet Box for 2DB30,91.7436212,592
RW-2DB36,"Shaker Rustic Wood - 2-Drawer Base Cabinet - 36""W x 34-1/2""H x 24""D - 2Drw",895,RW-DS-2DB36,Door Set RW-2DB36,35.71920134,261,UBX-2DB36,Cabinet Box for 2DB36,101.0192453,634
RW-3DB12,"Shaker Rustic Wood - Drawer Base Cabinet - 12""W x 34-1/2""H x 24""D - 3DRW",592,RW-DS-3DB12/3VDB12,Door Set RW-3DB12/3VDB12,15.99788179,130,UBX-3DB12,Cabinet Box for 3DB12,74.56187745,462
RW-3DB15,"Shaker Rustic Wood - Drawer Base Cabinet - 15""W x 34-1/2""H x 24""D - 3DRW",665,RW-DS-3DB15/3VDB15,Door Set RW-3DB15/3VDB15,18.90072921,151,UBX-3DB15,Cabinet Box for 3DB15,78.89616993,514
RW-3DB18,"Shaker Rustic Wood - Drawer Base Cabinet - 18""W x 34-1/2""H x 24""D - 3DRW",707,RW-DS-3DB18/3VDB18,Door Set RW-3DB18/3VDB18,21.80357662,172,UBX-3DB18,Cabinet Box for 3DB18,83.23046241,535
RW-3DB21,"Shaker Rustic Wood - Drawer Base Cabinet - 21""W x 34-1/2""H x 24""D - 3DRW",729,RW-DS-3DB21/3VDB21,Door Set RW-3DB21/3VDB21,24.70642404,192,UBX-3DB21,Cabinet Box for 3DB21,87.5647549,537
RW-3DB24,"Shaker Rustic Wood - Drawer Base Cabinet - 24""W x 34-1/2""H x 24""D - 3DRW",772,RW-DS-3DB24/3VDB24,Door Set RW-3DB24/3VDB24,27.64746682,221,UBX-3DB24,Cabinet Box for 3DB24,91.95607754,551
RW-3DB27,"Shaker Rustic Wood - Drawer Base Cabinet - 27""W x 34-1/2""H x 24""D - 3DRW",832,RW-DS-3DB27,Door Set RW-3DB27,30.55031424,225,UBX-3DB27,Cabinet Box for 3DB27,96.75655756,607
RW-3DB30,"Shaker Rustic Wood - Drawer Base Cabinet - 30""W x 34-1/2""H x 24""D - 3DRW",894,RW-DS-3DB30,Door Set RW-3DB30,33.45316165,249,UBX-3DB30,Cabinet Box for 3DB30,101.5570376,645
RW-3DB33,"Shaker Rustic Wood - Drawer Base Cabinet - 33""W x 34-1/2""H x 24""D - 3DRW",925,RW-DS-3DB33,Door Set RW-3DB33,36.35600907,262,UBX-3DB33,Cabinet Box for 3DB33,106.3575176,663
RW-3DB36,"Shaker Rustic Wood - Drawer Base Cabinet - 36""W x 34-1/2""H x 24""D - 3DRW",983,RW-DS-3DB36,Door Set RW-3DB36,39.25885649,286,UBX-3DB36,Cabinet Box for 3DB36,111.1579976,697
RW-B12,"Shaker Rustic Wood - Base Cabinet - 12""W x 34-1/2""H x 24""D - 1D, 1Drw, 1S",396,RW-DS-B12,Door Set RW-B12,16.69814831,132,UBX-B12,Cabinet Box for B12,37.69763953,264
RW-B15,"Shaker Rustic Wood - Base Cabinet - 15""W x 34-1/2""H x 24""D - 1D, 1Drw, 1S",447,RW-DS-B15,Door Set RW-B15,19.10646455,155,UBX-B15,Cabinet Box for B15,40.15138423,292
RW-B18,"Shaker Rustic Wood - Base Cabinet - 18""W x 34-1/2""H x 24""D - 1D, 1Drw, 1S",483,RW-DS-B18,Door Set RW-B18,21.51478078,175,UBX-B18,Cabinet Box for B18,42.60512893,308
RW-B21,"Shaker Rustic Wood - Base Cabinet - 21""W x 34-1/2""H x 24""D - 1D, 1Drw, 1S",532,RW-DS-B21,Door Set RW-B21,23.92309701,198,UBX-B21,Cabinet Box for B21,45.05887363,334
RW-B24,"Shaker Rustic Wood - Base Cabinet - 24""W x 34-1/2""H x 24""D - 2D, 1Drw, 1S",580,RW-DS-B24,Door Set RW-B24,30.05847259,238,UBX-B24,Cabinet Box for B24,47.39304594,342
RW-B27,"Shaker Rustic Wood - Base Cabinet - 27""W x 34-1/2""H x 24""D - 2D, 1Drw, 1S",643,RW-DS-B27,Door Set RW-B27,32.46678882,266,UBX-B27,Cabinet Box for B27,50.24531501,377
RW-B30,"Shaker Rustic Wood - Base Cabinet - 30""W x 34-1/2""H x 24""D - 2D, 2Drw, 1S",749,RW-DS-B30,Door Set RW-B30,35.5494283,280,UBX-B30,Cabinet Box for B30,64.98753895,469
RW-B33,"Shaker Rustic Wood - Base Cabinet - 33""W x 34-1/2""H x 24""D - 2D, 2Drw, 1S",794,RW-DS-B33,Door Set RW-B33,37.95774453,305,UBX-B33,Cabinet Box for B33,67.86351213,489
RW-B36,"Shaker Rustic Wood - Base Cabinet - 36""W x 34-1/2""H x 24""D - 2D, 2Drw, 1S",845,RW-DS-B36,Door Set RW-B36,40.36606076,326,UBX-B36,Cabinet Box for B36,70.73948532,519
RW-B42,"Shaker Rustic Wood - Base Cabinet - 42""W x 34-1/2""H x 24""D - 2D, 2Drw, 1S",904,RW-DS-B42,Door Set RW-B42,46.95520903,365,UBX-B42,Cabinet Box for B42,76.37403638,539
RW-BBC36,"Shaker Rustic Wood - Blind Base Corner Cabinet - 33""W x 34-1/2""H x 24""D -1D, 1Drw, 1S *Install range 37"" min., 40"" max; Specify Left-hinge or Right Hinge assembly",533,RW-DS-BBC36,Door Set RW-BBC36,31.06985517,219,UBX-BBC36,Cabinet Box for BBC36,48.76768101,314
RW-BBC39,"Shaker Rustic Wood - Blind Base Corner Cabinet - 36""W x 34-1/2""H x 24""D -1D, 1Drw, 1S *Install range 40"" min., 43"" max; Specify Left-hinge or Right Hinge assembly",648,RW-DS-BBC39,Door Set RW-BBC39,32.60090098,270,UBX-BBC39,Cabinet Box for BBC39,49.96629785,378
RW-BBC42,"Shaker Rustic Wood - Blind Base Corner Cabinet - 39""W x 34-1/2""H x 24""D -1D, 1Drw, 1S *Install range 43"" min., 46"" max; Specify Left-hinge or Right Hinge assembly",759,RW-DS-BBC42,Door Set RW-BBC42,34.16369236,335,UBX-BBC42,Cabinet Box for BBC42,50.97531172,424
RW-BEC24,"Shaker Rustic Wood - Angle Base Cabinet - 24""W x 34-1/2""H x 24""D - 2D",504,RW-DS-BEC24,Door Set RW-BEC24,39.56673351,276,UBX-BEC24,Cabinet Box for BEC24,34.9708578,228
RW-BFH12,"Shaker Rustic Wood - Base Cabinet - Full Height Door-12""W x 34-1/2""H x 24""D - 1D, 1S",305,RW-DS-BFH12/W1230,Door Set RW-BFH12/W1230,15.79140352,125,UBX-BFH12,Cabinet Box for BFH12,24.17872576,180
RW-BFH15,"Shaker Rustic Wood - Base Cabinet - Full Height Door-15""W x 34-1/2""H x 24""D - 1D, 1S",338,RW-DS-BFH15/W1530,Door Set RW-BFH15/W1530,17.83383444,144,UBX-BFH15,Cabinet Box for BFH15,25.99960734,194
RW-BFH18,"Shaker Rustic Wood - Base Cabinet - Full Height Door-18""W x 34-1/2""H x 24""D - 1D, 1S",372,RW-DS-BFH18/W1830,Door Set RW-BFH18/W1830,19.87626537,166,UBX-BFH18,Cabinet Box for BFH18,27.82048892,206
RW-BFH21,"Shaker Rustic Wood - Base Cabinet - Full Height Door-21""W x 34-1/2""H x 24""D - 1D, 1S",408,RW-DS-BFH21/W2130,Door Set RW-BFH21/W2130,21.91869629,186,UBX-BFH21,Cabinet Box for BFH21,29.6413705,222
RW-BFH24,"Shaker Rustic Wood - Base Cabinet - Full Height Door-24""W x 34-1/2""H x 24""D - 2D, 1S",464,RW-DS-BFH24/W2430,Door Set RW-BFH24/W2430,28.36668171,232,UBX-BFH24,Cabinet Box for BFH24,31.39070141,232
RW-BFH27,"Shaker Rustic Wood - Base Cabinet - Full Height Door-27""W x 34-1/2""H x 24""D - 2D, 1S",501,RW-DS-BFH27/W2730,Door Set RW-BFH27/W2730,30.40911263,253,UBX-BFH27,Cabinet Box for BFH27,33.60276343,248
RW-BFH30,"Shaker Rustic Wood - Base Cabinet - Full Height Door-30""W x 34-1/2""H x 24""D - 2D, 1S",538,RW-DS-BFH30/W3030,Door Set RW-BFH30/W3030,32.45154355,276,UBX-BFH30,Cabinet Box for BFH30,35.81482544,262
RW-BFH33,"Shaker Rustic Wood - Base Cabinet - Full Height Door-33""W x 34-1/2""H x 24""D - 2D, 1S",572,RW-DS-BFH33/W3330,Door Set RW-BFH33/W3330,34.49397447,287,UBX-BFH33,Cabinet Box for BFH33,38.02688745,285
RW-BFH36,"Shaker Rustic Wood - Base Cabinet - Full Height Door-36""W x 34-1/2""H x 24""D - 2D, 1S",611,RW-DS-BFH36/W3630,Door Set RW-BFH36/W3630,36.5364054,314,UBX-BFH36,Cabinet Box for BFH36,40.23894946,297
RW-BT09,"Shaker Rustic Wood - Base Cabinet - 9""W x 34-1/2""H x 24""D - 1D",301,RW-DS-BT09/W0930,Door Set RW-BT09/W0930,13.7489726,110,UBX-BT09,Cabinet Box for BT09,22.35784418,191
RW-BWB18,"Shaker Rustic Wood - Base Waste Basket - 18"" x 34 1/2 x 24",641,RW-DS-BWB18,Door Set RW-BWB18,19.89964966,169,UBX-BWB18,Cabinet Box for BWB18,63.4569922,472
RW-CSB36,"Shaker Rustic Wood - Corner Sink Base - 36""W x 34-1/2""H x 24""D",672,RW-DS-CSB36,Door Set RW-CSB36,22.662758,236,UBX-CSB36,Cabinet Box for CSB36,47.08218353,436
RW-DFB18,"Shaker Rustic Wood - Two Drawer Base Cabinet - 18""",547,RW-DS-DFB18,Door Set RW-DFB18,20.02308633,157,UBX-DFB18,Cabinet Box for DFB18,58.04789292,390
RW-ERB33,"Shaker Rustic Wood - Easy Reach Base Cabinet - 33""W x 34-1/2""H - 1D",681,RW-DS-ERB33,Door Set RW-ERB33,26.44935511,247,UBX-ERB33,Cabinet Box for ERB33,52.83444217,434
RW-ERB36,"Shaker Rustic Wood - Easy Reach Base Cabinet - 36""W x 34-1/2""H - 1D",758,RW-DS-ERB36,Door Set RW-ERB36,30.34310211,280,UBX-ERB36,Cabinet Box for ERB36,58.02676477,478
RW-FSB36,"Shaker Rustic Wood - Farm Sink Base - 36""W X 34-1/2""H X 24""D",642,RW-DS-FSB36,Door Set RW-FSB36,34.1672903,363,UBX-SB36/FSB36,Cabinet Box for SB36/FSB36,32.85809989,279
RW-MB30,"Shaker Rustic Wood - Microwave Base Cabinet - 30""W x 34-1/2""H x 24""D -1Drw",693,RW-DS-MB30,Door Set RW-MB30,18.285792,166,UBX-MB30,Cabinet Box for MB30,60.90607545,527
RW-MB33,"Shaker Rustic Wood - Microwave Base Cabinet - 33""W x 34-1/2""H x 24""D -1Drw",745,RW-DS-MB33,Door Set RW-MB33,19.73556281,191,UBX-MB33,Cabinet Box for MB33,64.23768406,554
RW-SB27,"Shaker Rustic Wood - Sink Base - 27""W x 34-1/2""H x 24""D - 1 False Drawer",503,RW-DS-SB27/VS27,Door Set RW-SB27/VS27,32.46678882,276,UBX-SB27,Cabinet Box for SB27,28.09971361,227
RW-SB30,"Shaker Rustic Wood - Sink Base - 30""W x 34-1/2""H x 24""D - 1 False Drawer",552,RW-DS-SB30/VS30,Door Set RW-SB30/VS30,35.5494283,308,UBX-SB30,Cabinet Box for SB30,29.789223,244
RW-SB33,"Shaker Rustic Wood - Sink Base - 33""W x 34-1/2""H x 24""D - 2 False Drawers",589,RW-DS-SB33/VS33,Door Set RW-SB33/VS33,37.95774453,330,UBX-SB33,Cabinet Box for SB33,31.32366145,259
RW-SB36,"Shaker Rustic Wood - Sink Base - 36""W x 34-1/2""H x 24""D - 2 False Drawers",639,RW-DS-SB36/VS36,Door Set RW-SB36/VS36,40.36606076,360,UBX-SB36/FSB36,Cabinet Box for SB36/FSB36,32.85809989,279
RW-AW1230,"Shaker Rustic Wood - Angle Wall Cabinet - 12""W x 30""H x 12""D - 1D -2S",274,RW-DS-AW1230,Door Set RW-AW1230,19.4884099,174,UBX-AW1230,Cabinet Box for AW1230,11.70189066,100
RW-AW1236,"Shaker Rustic Wood - Angle Wall Cabinet - 12""W x 36""H x 12""D - 1D -2S",299,RW-DS-AW1236,Door Set RW-AW1236,22.43910666,193,UBX-AW1236,Cabinet Box for AW1236,12.92431774,106
RW-AW1242,"Shaker Rustic Wood - Angle Wall Cabinet - 12""W x 42""H x 12""D - 1D -3S",322,RW-DS-AW1242,Door Set RW-AW1242,25.40921591,200,UBX-AW1242,Cabinet Box for AW1242,16.33380399,122
RW-DCW2412GD,"Shaker Rustic Wood - Wall Diagonal Glass Door Corner Cabinet - 24""W x 12""H x 12""D - 1D -2S",247,RW-DS-DCW2412GD,Door Set RW-DCW2412GD,12.92693117,102,UBX-DCW2412,Cabinet Box for DCW2412,20.01450914,145
RW-DCW2430,"Shaker Rustic Wood - Wall Diagonal Corner Cabinet - 24""W x 30""H x 12""D - 1D -2S",535,RW-DS-DCW2430,Door Set RW-DCW2430,22.29670996,198,UBX-DCW2430,Cabinet Box for DCW2430,42.42337054,337
RW-DCW2430GD,"Shaker Rustic Wood - Wall Diagonal Glass Door Corner Cabinet - 24""W x 30""H x 12""D - 1D -2S",563,RW-DS-DCW2430GD,Door Set RW-DCW2430GD,23.21408522,226,UBX-DCW2430,Cabinet Box for DCW2430,42.42337054,337
RW-DCW2436,"Shaker Rustic Wood - Wall Diagonal Corner Cabinet - 24""W x 36""H x 12""D - 1D- 2S",603,RW-DS-DCW2436,Door Set RW-DCW2436,25.52158868,229,UBX-DCW2436,Cabinet Box for DCW2436,46.21329761,374
RW-DCW2436GD,"Shaker Rustic Wood - Wall Diagonal Glass Door Corner Cabinet - 24""W x 36""H x 12""D - 1D-2S",641,RW-DS-DCW2436GD,Door Set RW-DCW2436GD,26.63563318,267,UBX-DCW2436,Cabinet Box for DCW2436,46.21329761,374
RW-DCW2442,"Shaker Rustic Wood - Wall Diagonal Corner Cabinet - 24""W x 42""H x 12""D - 1D -3S",700,RW-DS-DCW2442,Door Set RW-DCW2442,29.69167849,261,UBX-DCW2442,Cabinet Box for DCW2442,56.15577976,439
RW-DCW2442GD,"Shaker Rustic Wood - Wall Diagonal Glass Door Corner Cabinet - 24""W x 42""H x 12""D - 1D -3S",746,RW-DS-DCW2442GD,Door Set RW-DCW2442GD,30.07969132,307,UBX-DCW2442,Cabinet Box for DCW2442,56.15577976,439
RW-MO3030,"Shaker Rustic Wood - Microwave Oven Cabinet - 30""W x 30""H x 12""D - 2D, 1S",617,RW-DS-MO3030,Door Set RW-MO3030,21.36507398,275,UBX-MO3030,Cabinet Box for MO3030,28.81274741,342
RW-MO3036,"Shaker Rustic Wood - Microwave Oven Cabinet - 30""W x 36""H x 12""D - 2D, 1S",714,RW-DS-MO3036,Door Set RW-MO3036,26.09746508,335,UBX-MO3036,Cabinet Box for MO3036,31.88040936,379
RW-MO3042,"Shaker Rustic Wood - Microwave Oven Cabinet - 30""W x 42""H x 12""D - 2D, 1S",842,RW-DS-MO3042,Door Set RW-MO3042,30.86099034,411,UBX-MO3042,Cabinet Box for MO3042,34.96825329,431
RW-W0930,"Shaker Rustic Wood - Wall Cabinet - 09""W x 30""H x 12""D - 1D -2S",213,RW-DS-BT09/W0930,Door Set RW-BT09/W0930,13.7489726,110,UBX-W0930,Cabinet Box for W0930,13.87404742,103
RW-W0936,"Shaker Rustic Wood - Wall Cabinet - 09""W x 36""H x 12""D - 1D -2S",233,RW-DS-W0936,Door Set RW-W0936,15.84197378,122,UBX-W0936,Cabinet Box for W0936,15.54018639,111
RW-W0942,"Shaker Rustic Wood - Wall Cabinet - 09""W x 42""H x 12""D - 1D - 3S",272,RW-DS-W0942,Door Set RW-W0942,18.87273948,142,UBX-W0942,Cabinet Box for W0942,18.27704797,130
RW-W1212GD,"Shaker Rustic Wood - Wall Cabinet - 12""W x 12""H x 12""D - 1D",127,RW-DS-W1212GD,Door Set RW-W1212GD,8.734032275,70,UBX-W1212,Cabinet Box for W1212,7.63067385,57
RW-W1230,"Shaker Rustic Wood - Wall Cabinet - 12""W x 30""H x 12""D - 1D -2S",240,RW-DS-BFH12/W1230,Door Set RW-BFH12/W1230,15.79140352,125,UBX-W1230,Cabinet Box for W1230,15.57122812,115
RW-W1236,"Shaker Rustic Wood - Wall Cabinet - 12""W x 36""H x 12""D - 1D -2S",274,RW-DS-W1236,Door Set RW-W1236,18.17099699,144,UBX-W1236,Cabinet Box for W1236,17.35282231,130
RW-W1242,"Shaker Rustic Wood - Wall Cabinet - 12""W x 42""H x 12""D - 1D- 3S",316,RW-DS-W1242,Door Set RW-W1242,21.49024046,166,UBX-W1242,Cabinet Box for W1242,20.52633704,150
RW-W1512GD,"Shaker Rustic Wood - Wall Cabinet - 15""W x 12""H x 12""D - 1D",142,RW-DS-W1512GD,Door Set RW-W1512GD,9.959781895,79,UBX-W1512,Cabinet Box for W1512,8.539461111,63
RW-W1530,"Shaker Rustic Wood - Wall Cabinet - 15""W x 30""H x 12""D - 1D -2S",277,RW-DS-BFH15/W1530,Door Set RW-BFH15/W1530,17.83383444,144,UBX-W1530,Cabinet Box for W1530,17.64800811,133
RW-W1530GD,"Shaker Rustic Wood - Wall Glass Door Cabinet - 15""W x 30""H x 12""D - 1D -2S",314,RW-DS-W1530GD,Door Set RW-W1530GD,18.40864497,181,UBX-W1530,Cabinet Box for W1530,17.64800811,133
RW-W1536,"Shaker Rustic Wood - Wall Cabinet - 15""W x 36""H x 12""D - 1D -2S",317,RW-DS-W1536,Door Set RW-W1536,20.50002021,167,UBX-W1536,Cabinet Box for W1536,19.60492317,150
RW-W1536GD,"Shaker Rustic Wood - Wall Glass Door Cabinet - 15""W x 36""H x 12""D - 1D -2S",357,RW-DS-W1536GD,Door Set RW-W1536GD,21.2187701,207,UBX-W1536,Cabinet Box for W1536,19.60492317,150
RW-W1542,"Shaker Rustic Wood - Wall Cabinet - 15""W x 42""H x 12""D - 1D - 3S",371,RW-DS-W1542,Door Set RW-W1542,24.10774145,194,UBX-W1542,Cabinet Box for W1542,23.27535054,177
RW-W1542GD,"Shaker Rustic Wood - Wall Glass Door Cabinet - 15""W x 42""H x 12""D - 1D- 3S",411,RW-DS-W1542GD,Door Set RW-W1542GD,24.97137769,234,UBX-W1542,Cabinet Box for W1542,23.27535054,177
RW-W1812GD,"Shaker Rustic Wood - Wall Cabinet - 18""W x 12""H x 12""D - 1D",158,RW-DS-W1812GD,Door Set RW-W1812GD,11.18553151,86,UBX-W1812,Cabinet Box for W1812,9.448248372,72
RW-W1830,"Shaker Rustic Wood - Wall Cabinet - 18""W x 30""H x 12""D - 1D - 2S",321,RW-DS-BFH18/W1830,Door Set RW-BFH18/W1830,19.87626537,166,UBX-W1830,Cabinet Box for W1830,19.7247881,155
RW-W1830GD,"Shaker Rustic Wood - Wall Glass Door Cabinet - 18""W x 30""H x 12""D - 1D -2S",366,RW-DS-W1830GD,Door Set RW-W1830GD,20.63309922,211,UBX-W1830,Cabinet Box for W1830,19.7247881,155
RW-W1836,"Shaker Rustic Wood - Wall Cabinet - 18""W x 36""H x 12""D - 1D -2S",371,RW-DS-W1836,Door Set RW-W1836,22.82904342,195,UBX-W1836,Cabinet Box for W1836,21.85702403,176
RW-W1836GD,"Shaker Rustic Wood - Wall Glass Door Cabinet - 18""W x 36""H x 12""D - 1D -2S",422,RW-DS-W1836GD,Door Set RW-W1836GD,23.77539745,246,UBX-W1836,Cabinet Box for W1836,21.85702403,176
RW-W1842,"Shaker Rustic Wood - Wall Cabinet - 18""W x 42""H x 12""D - 1D -3S",427,RW-DS-W1842,Door Set RW-W1842,26.72524243,225,UBX-W1842,Cabinet Box for W1842,26.02436404,202
RW-W1842GD,"Shaker Rustic Wood - Wall Cabinet - 18""W x 42""H x 12""D - 1D -3S",483,RW-DS-W1842GD,Door Set RW-W1842GD,27.86236348,281,UBX-W1842,Cabinet Box for W1842,26.02436404,202
RW-W2112GD,"Shaker Rustic Wood - Wall Cabinet - 21""W x 12""H x 12""D - 1D",174,RW-DS-W2112GD,Door Set RW-W2112GD,12.41128113,95,UBX-W2112,Cabinet Box for W2112,10.35703563,79
RW-W2130,"Shaker Rustic Wood - Wall Cabinet - 21""W x 30""H x 12""D - 1D -2S",356,RW-DS-BFH21/W2130,Door Set RW-BFH21/W2130,21.91869629,186,UBX-W2130,Cabinet Box for W2130,21.80156809,170
RW-W2136,"Shaker Rustic Wood - Wall Cabinet - 21""W x 36""H x 12""D - 1D -2S",417,RW-DS-W2136,Door Set RW-W2136,25.15806664,220,UBX-W2136,Cabinet Box for W2136,24.1091249,197
RW-W2142,"Shaker Rustic Wood - Wall Cabinet - 21""W x 42""H x 12""D - 1D -3S",468,RW-DS-W2142,Door Set RW-W2142,29.34274342,245,UBX-W2142,Cabinet Box for W2142,28.77337755,223
RW-W2412GD,"Shaker Rustic Wood - Wall Cabinet - 24""W x 12""H x 12""D - 2D",212,RW-DS-W2412GD,Door Set RW-W2412GD,16.06174627,124,UBX-W2412,Cabinet Box for W2412,11.51136164,88
RW-W2418,"Shaker Rustic Wood - Wall Cabinet - 24""W x 18""H x 12""D - 2D",331,RW-DS-W2418,Door Set RW-W2418,20.02090547,211,UBX-W2418,Cabinet Box for W2418,13.9406725,120
RW-W2430,"Shaker Rustic Wood - Wall Cabinet - 24""W x 30""H x 12""D - 2D -2S",416,RW-DS-BFH24/W2430,Door Set RW-BFH24/W2430,28.36668171,232,UBX-W2430/WBC2430,Cabinet Box for W2430/WBC2430,23.97126657,184
RW-W2430GD,"Shaker Rustic Wood - Wall Glass Door Cabinet - 24""W x 30""H x 12""D - 2D -2S",468,RW-DS-W2430GD,Door Set RW-W2430GD,29.17620653,284,UBX-W2430/WBC2430,Cabinet Box for W2430/WBC2430,23.97126657,184
RW-W2436,"Shaker Rustic Wood - Wall Cabinet - 24""W x 36""H x 12""D - 2D -2S",485,RW-DS-W2436,Door Set RW-W2436,32.52588823,274,UBX-W2436,Cabinet Box for W2436,26.40057742,211
RW-W2436GD,"Shaker Rustic Wood - Wall Glass Door Cabinet - 24""W x 36""H x 12""D - 2D -2S",484,RW-DS-W2436GD,Door Set RW-W2436GD,33.53812767,273,UBX-W2436,Cabinet Box for W2436,26.40057742,211
RW-W2442,"Shaker Rustic Wood - Wall Cabinet - 24""W x 42""H x 12""D - 2D -3S",570,RW-DS-W2442,Door Set RW-W2442,38.56044752,323,UBX-W2442/WBC2442,Cabinet Box for W2442/WBC2442,31.60021396,247
RW-W2442GD,"Shaker Rustic Wood - Wall Glass Door Cabinet - 24""W x 42""H x 12""D - 2D -3S",619,RW-DS-W2442GD,Door Set RW-W2442GD,39.77673522,372,UBX-W2442/WBC2442,Cabinet Box for W2442/WBC2442,31.60021396,247
RW-W2712GD,"Shaker Rustic Wood - Wall Cabinet - 27""W x 12""H x 12""D - 2D",229,RW-DS-W2712GD,Door Set RW-W2712GD,17.28749589,133,UBX-W2712,Cabinet Box for W2712,12.4201489,96
RW-W2730,"Shaker Rustic Wood - Wall Cabinet - 27""W x 30""H x 12""D - 2D -2S",455,RW-DS-BFH27/W2730,Door Set RW-BFH27/W2730,30.40911263,253,UBX-W2730/WBC2730,Cabinet Box for W2730/WBC2730,26.04804656,202
RW-W2736,"Shaker Rustic Wood - Wall Cabinet - 27""W x 36""H x 12""D - 2D -2S",523,RW-DS-W2736,Door Set RW-W2736,34.85491145,294,UBX-W2736/WBC2736,Cabinet Box for W2736/WBC2736,28.65267828,229
RW-W2742,"Shaker Rustic Wood - Wall Cabinet - 27""W x 42""H x 12""D - 2D -3S",585,RW-DS-W2742,Door Set RW-W2742,41.1779485,328,UBX-W2742/WBC2742,Cabinet Box for W2742/WBC2742,34.34922746,257
RW-W3012,"Shaker Rustic Wood - Wall Cabinet - 30""W x 12""H x 12""D - 2D",274,RW-DS-W3012/W301224,Door Set RW-W3012/W301224,18.22323608,161,UBX-W3012,Cabinet Box for W3012,13.32893616,113
RW-W301224,"Shaker Rustic Wood - Wall Refrigerator Cabinet-30""W x 12""H x 24""D - 2D",345,RW-DS-W3012/W301224,Door Set RW-W3012/W301224,18.22323608,161,UBX-W301224,Cabinet Box for W301224,22.86375836,184
RW-W3012GD,"Shaker Rustic Wood - Wall Glass Door Cabinet - 30""W x 12""H x 12""D - 2D",292,RW-DS-W3012GD,Door Set RW-W3012GD,18.51324551,179,UBX-W3012,Cabinet Box for W3012,13.32893616,113
RW-W3015,"Shaker Rustic Wood - Wall Cabinet - 30""W x 15""H x 12""D - 2D",310,RW-DS-W3015/W301524,Door Set RW-W3015/W301524,20.58943163,185,UBX-W3015,Cabinet Box for W3015,14.71891246,125
RW-W301524,"Shaker Rustic Wood - Wall Refrigerator Cabinet - 30""W x 15""H x 24""D - 2D",377,RW-DS-W3015/W301524,Door Set RW-W3015/W301524,20.58943163,185,UBX-W301524,Cabinet Box for W301524,24.49231137,192
RW-W3018,"Shaker Rustic Wood - Wall Cabinet - 30""W x 18""H x 12""D - 2D",340,RW-DS-W3018/W301824,Door Set RW-W3018/W301824,22.95562718,204,UBX-W3018,Cabinet Box for W3018,16.10888876,136
RW-W301824,"Shaker Rustic Wood - Wall Refrigerator Cabinet - 30""W x 18""H x 24""D - 2D",420,RW-DS-W3018/W301824,Door Set RW-W3018/W301824,22.95562718,204,UBX-W301824,Cabinet Box for W301824,26.12086437,216
RW-W3018GD,"Shaker Rustic Wood - Wall Cabinet - 30""W x 18""H x 12""D - 2D ",370,RW-DS-W3018GD,Door Set RW-W3018GD,23.53951283,234,UBX-W3018,Cabinet Box for W3018,16.10888876,136
RW-W3024,"Shaker Rustic Wood - Wall Cabinet - 30""W x 24""H x 12""D - 2D - 1S",408,RW-DS-W3024/W302424,Door Set RW-W3024/W302424,27.71915244,233,UBX-W3024,Cabinet Box for W3024,22.12600223,175
RW-W302424,"Shaker Rustic Wood - Wall Refrigerator Cabinet - 30""W x 24""H x 24""D - 2D -1S",505,RW-DS-W3024/W302424,Door Set RW-W3024/W302424,27.71915244,233,UBX-W302424,Cabinet Box for W302424,36.1134048,272
RW-W3030,"Shaker Rustic Wood - Wall Cabinet - 30""W x 30""H x 12""D - 2D -2S",501,RW-DS-BFH30/W3030,Door Set RW-BFH30/W3030,32.45154355,276,UBX-W3030,Cabinet Box for W3030,28.12482655,225
RW-W3030GD,"Shaker Rustic Wood - Wall Glass Door Cabinet - 30""W x 30""H x 12""D -2D-2S",550,RW-DS-W3030GD,Door Set RW-W3030GD,33.62511504,325,UBX-W3030,Cabinet Box for W3030,28.12482655,225
RW-W3036,"Shaker Rustic Wood - Wall Cabinet - 30""W x 36""H x 12""D - 2D -2S",573,RW-DS-W3036,Door Set RW-W3036,37.18393466,321,UBX-W3036,Cabinet Box for W3036,30.90477914,252
RW-W3036GD,"Shaker Rustic Wood - Wall Glass Door Cabinet - 30""W x 36""H x 12""D -2D- 2S",641,RW-DS-W3036GD,Door Set RW-W3036GD,38.65138237,389,UBX-W3036,Cabinet Box for W3036,30.90477914,252
RW-W3042,"Shaker Rustic Wood - Wall Cabinet - 30""W x 42""H x 12""D - 2D -3S",666,RW-DS-W3042,Door Set RW-W3042,43.79544949,371,UBX-W3042,Cabinet Box for W3042,37.09824097,295
RW-W3042GD,"Shaker Rustic Wood - Wall Glass Door Cabinet - 30""W x 42""H x 12""D -2D- 2S",732,RW-DS-W3042GD,Door Set RW-W3042GD,45.55870681,437,UBX-W3042,Cabinet Box for W3042,37.09824097,295
RW-W3312,"Shaker Rustic Wood - Wall Cabinet - 33""W x 12""H x 12""D - 2D",288,RW-DS-W3312/W331224,Door Set RW-W3312/W331224,19.40400464,170,UBX-W3312,Cabinet Box for W3312,14.23772342,118
RW-W331224,"Shaker Rustic Wood - Wall Refrigerator Cabinet-33""W x 12""H x 24""D - 2D",365,RW-DS-W3312/W331224,Door Set RW-W3312/W331224,19.40400464,170,UBX-W331224,Cabinet Box for W331224,24.46458174,195
RW-W3312GD,"Shaker Rustic Wood - Wall Glass Door Cabinet - 33""W x 12""H x 12""D - 2D",312,RW-DS-W3312GD,Door Set RW-W3312GD,19.73899513,194,UBX-W3312,Cabinet Box for W3312,14.23772342,118
RW-W3315,"Shaker Rustic Wood - Wall Cabinet - 33""W x 15""H x 12""D - 2D",317,RW-DS-W3315/W331524,Door Set RW-W3315/W331524,21.91349634,188,UBX-W3315,Cabinet Box for W3315,15.71536016,129
RW-W331524,"Shaker Rustic Wood - Wall Refrigerator Cabinet - 33""W x 15""H x 24""D -2D",395,RW-DS-W3315/W331524,Door Set RW-W3315/W331524,21.91349634,188,UBX-W331524,Cabinet Box for W331524,26.15086236,207
RW-W3318,"Shaker Rustic Wood - Wall Cabinet - 33""W x 18""H x 12""D - 2D",349,RW-DS-W3318/W331824,Door Set RW-W3318/W331824,24.42298804,209,UBX-W3318,Cabinet Box for W3318,17.19299689,140
RW-W331824,"Shaker Rustic Wood - Wall Refrigerator Cabinet - 33""W x 18""H x 24""D -2D",431,RW-DS-W3318/W331824,Door Set RW-W3318/W331824,24.42298804,209,UBX-W331824,Cabinet Box for W331824,27.83714297,222
RW-W3324,"Shaker Rustic Wood - Wall Cabinet - 33""W x 24""H x 12""D - 2D - 1S",416,RW-DS-W3324/W332424,Door Set RW-W3324/W332424,29.47499107,236,UBX-W3324,Cabinet Box for W3324,23.70702301,180
RW-W332424,"Shaker Rustic Wood - Wall Refrigerator Cabinet -33""W x 24""H x 24""D-2D -1S",545,RW-DS-W3324/W332424,Door Set RW-W3324/W332424,29.47499107,236,UBX-W332424,Cabinet Box for W332424,38.6352674,309
RW-W3330,"Shaker Rustic Wood - Wall Cabinet - 33""W x 30""H x 12""D - 2D -2S",525,RW-DS-BFH33/W3330,Door Set RW-BFH33/W3330,34.49397447,287,UBX-W3330,Cabinet Box for W3330,30.20160654,238
RW-W3336,"Shaker Rustic Wood - Wall Cabinet - 33""W x 36""H x 12""D - 2D -2S",623,RW-DS-W3336,Door Set RW-W3336,39.51295787,349,UBX-W3336,Cabinet Box for W3336,33.15688001,274
RW-W3342,"Shaker Rustic Wood - Wall Cabinet - 33""W x 42""H x 12""D - 2D -3S",708,RW-DS-W3342,Door Set RW-W3342,46.41295047,392,UBX-W3342,Cabinet Box for W3342,39.84725447,316
RW-W3612,"Shaker Rustic Wood - Wall Cabinet - 36""W x 12""H x 12""D - 2D",306,RW-DS-W3612/W361224,Door Set RW-W3612/W361224,20.58477321,180,UBX-W3612,Cabinet Box for W3612,15.14651068,126
RW-W361224,"Shaker Rustic Wood - Wall Cabinet - 36""W x 12""H x 24""D - 2D",384,RW-DS-W3612/W361224,Door Set RW-W3612/W361224,20.58477321,180,UBX-W361224,Cabinet Box for W361224,26.06540512,204
RW-W3612GD,"Shaker Rustic Wood - Wall Glass Door Cabinet - 36""W x 12""H x 12""D - 2D",332,RW-DS-W3612GD,Door Set RW-W3612GD,20.96474474,206,UBX-W3612,Cabinet Box for W3612,15.14651068,126
RW-W3615,"Shaker Rustic Wood - Wall Cabinet - 36""W x 15""H x 12""D - 2D",329,RW-DS-W3615/W361524,Door Set RW-W3615/W361524,23.23756106,196,UBX-W3615,Cabinet Box for W3615,16.71180785,133
RW-W361524,"Shaker Rustic Wood - Wall Refrigerator Cabinet - 36""W x 15""H x 24""D - 2D",410,RW-DS-W3615/W361524,Door Set RW-W3615/W361524,23.23756106,196,UBX-W361524,Cabinet Box for W361524,27.80941334,214
RW-W3618,"Shaker Rustic Wood - Wall Cabinet - 36""W x 18""H x 12""D - 2D",369,RW-DS-W3618/W361824,Door Set RW-W3618/W361824,25.8903489,222,UBX-W3618,Cabinet Box for W3618,18.27710502,147
RW-W361824,"Shaker Rustic Wood - Wall Refrigerator Cabinet - 36""W x 18""H x 24""D - 2D",448,RW-DS-W3618/W361824,Door Set RW-W3618/W361824,25.8903489,222,UBX-W361824,Cabinet Box for W361824,29.55342157,226
RW-W3624,"Shaker Rustic Wood - Wall Cabinet - 36""W x 24""H x 12""D - 2D - 1S",479,RW-DS-W3624/W362424,Door Set RW-W3624/W362424,31.2308297,272,UBX-W3624,Cabinet Box for W3624,25.28804378,207
RW-W362424,"Shaker Rustic Wood - Wall Refrigerator Cabinet - 36""W x 24""H x 24""D - 2D -1S",584,RW-DS-W3624/W362424,Door Set RW-W3624/W362424,31.2308297,272,UBX-W362424,Cabinet Box for W362424,41.15712999,312
RW-W3630,"Shaker Rustic Wood - Wall Cabinet - 36""W x 30""H x 12""D - 2D -2S",574,RW-DS-BFH36/W3630,Door Set RW-BFH36/W3630,36.5364054,314,UBX-W3630/WBC3630,Cabinet Box for W3630/WBC3630,32.27838653,260
RW-W3636,"Shaker Rustic Wood - Wall Cabinet - 36""W x 36""H x 12""D - 2D -2S",664,RW-DS-W3636,Door Set RW-W3636,41.84198109,370,UBX-W3636,Cabinet Box for W3636,35.40898087,294
RW-W3642,"Shaker Rustic Wood - Wall Cabinet - 36""W x 42""H x 12""D - 2D -3S",760,RW-DS-W3642,Door Set RW-W3642,49.03045145,419,UBX-W3642/WBC3642,Cabinet Box for W3642/WBC3642,42.59626798,341
RW-W3930,"Shaker Rustic Wood - Wall Cabinet - 39""W x 30""H x 12""D - 2D -2S",592,RW-DS-W3930,Door Set RW-W3930,38.60571041,321,UBX-W3930,Cabinet Box for W3930,34.38249257,271
RW-WBC2430,"Shaker Rustic Wood - Wall Blind Corner Cabinet - 24""W x 30""H x 12""D - 1D -2S",356,RW-DS-WBC2430,Door Set RW-WBC2430,25.99915842,172,UBX-W2430/WBC2430,Cabinet Box for W2430/WBC2430,23.97126657,184
RW-WBC2442,"Shaker Rustic Wood - Wall Blind Corner Cabinet - 24""W x 42""H x 12""D - 1D -3S",479,RW-DS-WBC2442,Door Set RW-WBC2442,35.61322156,232,UBX-W2442/WBC2442,Cabinet Box for W2442/WBC2442,31.60021396,247
RW-WBC2730,"Shaker Rustic Wood - Wall Blind Corner Cabinet - 27""W x 30""H x 12""D - 1D -2S",383,RW-DS-WBC2730,Door Set RW-WBC2730,26.522813,181,UBX-W2730/WBC2730,Cabinet Box for W2730/WBC2730,26.04804656,202
RW-WBC2736,"Shaker Rustic Wood - Wall Blind Corner Cabinet - 27""W x 36""H x 12""D - 1D -2S",432,RW-DS-WBC2736,Door Set RW-WBC2736,30.89220692,203,UBX-W2736/WBC2736,Cabinet Box for W2736/WBC2736,28.65267828,229
RW-WBC2742,"Shaker Rustic Wood - Wall Blind Corner Cabinet - 27""W x 42""H x 12""D - 1D -3S",508,RW-DS-WBC2742,Door Set RW-WBC2742,36.21434164,251,UBX-W2742/WBC2742,Cabinet Box for W2742/WBC2742,34.34922746,257
RW-WBC3630,"Shaker Rustic Wood - Wall Blind Corner Cabinet - 36""W x 30""H x 12""D - 1D -2S",488,RW-DS-WBC3630,Door Set RW-WBC3630,28.09377673,228,UBX-W3630/WBC3630,Cabinet Box for W3630/WBC3630,32.27838653,260
RW-WBC3642,"Shaker Rustic Wood - Wall Blind Corner Cabinet - 36""W x 42""H x 12""D - 1D -3S",653,RW-DS-WBC3642,Door Set RW-WBC3642,37.09370709,312,UBX-W3642/WBC3642,Cabinet Box for W3642/WBC3642,42.59626798,341
RW-WD1848,"Shaker Rustic Wood - Wall With Drawer Cabinet-18""W x 48""H x 12""D- 1D, 2 DRW -2S",580,RW-DS-WD1848,Door Set RW-WD1848,32.90040505,203,UBX-WD1848,Cabinet Box for WD1848,68.35450421,377
RW-WD1854,"Shaker Rustic Wood - Wall With Drawer Cabinet-18""W x 54""H x 12""D- 1D, 2 DRW -2S",636,RW-DS-WD1854,Door Set RW-WD1854,35.87260927,230,UBX-WD1854,Cabinet Box for WD1854,70.50076801,406
RW-WD1860,"Shaker Rustic Wood - Wall With Drawer Cabinet-18""W x 60""H x 12""D- 1D, 2 DRW -3S",685,RW-DS-WD1860,Door Set RW-WD1860,38.82538733,255,UBX-WD1860,Cabinet Box for WD1860,72.63300394,430
RW-WER2430,"Shaker Rustic Wood - Wall Easy Reach Corner Cabinet - 24"" W X 30"" H X 12"" D - 2D - 2S",529,RW-DS-WER2430,Door Set RW-WER2430,25.78800652,187,UBX-WER2430,Cabinet Box for WER2430,52.75505789,342
RW-WER2436,"Shaker Rustic Wood - Wall Easy Reach Corner Cabinet - 24"" W X 36"" H X 12"" D - 2D - 2S",634,RW-DS-WER2436,Door Set RW-WER2436,29.10520567,226,UBX-WER2436,Cabinet Box for WER2436,58.76812591,408
RW-WER2442,"Shaker Rustic Wood - Wall Easy Reach Corner Cabinet - 24"" W X 42"" H X 12"" D - 2D - 2S",744,RW-DS-WER2442,Door Set RW-WER2442,32.4442285,267,UBX-WER2442,Cabinet Box for WER2442,64.8207536,477
RW-O308424,"Shaker Rustic Wood - Oven Cabinet - 30""W x 84""H X 24""D - 2D, 3DRW, 1S",1630,RW-DS-O308424,Door Set RW-O308424,83.53402647,600,UBX-O308424,Cabinet Box for O308424,141.9177295,1030
RW-O309024,"Shaker Rustic Wood - Oven Cabinet - 30""W x 90""H X 24""D - 2D, 3DRW, 1S",1770,RW-DS-O309024,Door Set RW-O309024,83.14887611,630,UBX-O309024,Cabinet Box for O309024,164.7778978,1140
RW-O309624,"Shaker Rustic Wood - Oven Cabinet - 30""W x 96""H X 24""D - 2D, 3DRW, 1S",1922,RW-DS-O309624,Door Set RW-O309624,88.0212816,706,UBX-O309624,Cabinet Box for O309624,168.621791,1216
RW-O338424,"Shaker Rustic Wood - Oven Cabinet - 33""W x 84""H X 24""D - 2D, 3DRW, 1S",1778,RW-DS-O338424,Door Set RW-O338424,84.21302136,644,UBX-O338424,Cabinet Box for O338424,162.4955446,1134
RW-O339024,"Shaker Rustic Wood - Oven Cabinet - 33""W x 90""H X 24""D - 2D, 3DRW, 1S",1863,RW-DS-O339024,Door Set RW-O339024,89.89275453,677,UBX-O339024,Cabinet Box for O339024,173.2210278,1186
RW-O339624,"Shaker Rustic Wood - Oven Cabinet - 33""W x 96""H X 24""D - 2D, 3DRW, 1S",2030,RW-DS-O339624,Door Set RW-O339624,95.09216292,753,UBX-O339624,Cabinet Box for O339624,177.2009561,1277
RW-U188424,"Shaker Rustic Wood - Wall Pantry - 18""W x 84""H x 24""D - 2D, 5S",1159,RW-DS-U188424,Door Set RW-U188424,50.97839091,481,UBX-U188424,Cabinet Box for U188424,79.47439762,678
RW-U189024,"Shaker Rustic Wood - Wall Pantry - 18""W x 90""H x 24""D - 2D, 5S",1193,RW-DS-U189024,Door Set RW-U189024,54.04473736,498,UBX-U189024,Cabinet Box for U189024,82.81205831,695
RW-U189624,"Shaker Rustic Wood - Wall Pantry - 18""W x 96""H x 24""D - 2D, 5S",1250,RW-DS-U189624,Door Set RW-U189624,58.07061684,533,UBX-U189624,Cabinet Box for U189624,86.20235492,717
RW-U248424,"Shaker Rustic Wood - Wall Pantry - 24""W x 84""H x 24""D - 4D, 5S",1390,RW-DS-U248424,Door Set RW-U248424,73.42585856,644,UBX-U248424,Cabinet Box for U248424,92.2906212,746
RW-U249024,"Shaker Rustic Wood - Wall Pantry - 24""W x 90""H x 24""D - 4D, 5S",1442,RW-DS-U249024,Door Set RW-U249024,77.74503456,676,UBX-U249024,Cabinet Box for U249024,95.76166813,766
RW-U249624,"Shaker Rustic Wood - Wall Pantry - 24""W x 96""H x 24""D - 4D, 5S",1514,RW-DS-U249624,Door Set RW-U249624,83.98327665,724,UBX-U249624,Cabinet Box for U249624,99.33798688,790
RW-U308424,"Shaker Rustic Wood - Wall Pantry - 30""W x 84""H x 24""D - 4D, 5S",1768,RW-DS-U308424,Door Set RW-U308424,83.53402647,837,UBX-U308424,Cabinet Box for U308424,107.497745,931
RW-U309024,"Shaker Rustic Wood - Wall Pantry - 30""W x 90""H x 24""D - 4D, 5S",1906,RW-DS-U309024,Door Set RW-U309024,88.44843262,941,UBX-U309024,Cabinet Box for U309024,111.2996376,965
RW-U309624,"Shaker Rustic Wood - Wall Pantry - 30""W x 96""H x 24""D - 4D, 5S",2050,RW-DS-U309624,Door Set RW-U309624,95.28190486,1050,UBX-U309624,Cabinet Box for U309624,115.206802,1000
RW-3VDB12,"Shaker Rustic Wood - Vanity Drawer Base Cabinet - 12""W x 34 1/2""H x 21""D - 3 DRW",579,RW-DS-3DB12/3VDB12,Door Set RW-3DB12/3VDB12,15.99788179,130,UBX-3VDB12,Cabinet Box for 3VDB12,68.14970086,449
RW-3VDB15,"Shaker Rustic Wood - Vanity Drawer Base Cabinet - 15""W x 34 1/2""H x 21""D - 3 DRW",630,RW-DS-3DB15/3VDB15,Door Set RW-3DB15/3VDB15,18.90072921,151,UBX-3VDB15,Cabinet Box for 3VDB15,72.25302026,479
RW-3VDB18,"Shaker Rustic Wood - Vanity Drawer Base Cabinet - 18""W x 34 1/2""H x 21""D - 3 DRW",681,RW-DS-3DB18/3VDB18,Door Set RW-3DB18/3VDB18,21.80357662,172,UBX-3VDB18,Cabinet Box for 3VDB18,76.35633966,509
RW-3VDB21,"Shaker Rustic Wood - Vanity Drawer Base Cabinet - 21""W x 34 1/2""H x 21""D - 3 DRW",722,RW-DS-3DB21/3VDB21,Door Set RW-3DB21/3VDB21,24.70642404,192,UBX-3VDB21,Cabinet Box for 3VDB21,80.45965906,530
RW-3VDB24,"Shaker Rustic Wood - Vanity Drawer Base Cabinet - 24""W x 34 1/2""H x 21""D - 3 DRW",804,RW-DS-3DB24/3VDB24,Door Set RW-3DB24/3VDB24,27.64746682,221,UBX-3VDB24,Cabinet Box for 3VDB24,85.08929109,583
RW-V3021DL,"Shaker Rustic Wood - Vanity Sink Base - 30""W x 34 1/2"" x 21""D - 1D, 3 Left DRW",853,RW-DS-V3021DL,Door Set RW-V3021DL,40.65285352,342,UBX-V3021DL,Cabinet Box for V3021DL,70.39811058,511
RW-V3021DR,"Shaker Rustic Wood - Vanity Sink Base - 30""W x 34 1/2"" x 21""D - 1D, 3 Right DRW",853,RW-DS-V3021DR,Door Set RW-V3021DR,40.65285352,342,UBX-V3021DR,Cabinet Box for V3021DR,70.39811058,511
RW-V3321DL,"Shaker Rustic Wood - Vanity Sink Base - 33""W x 34 1/2"" x 21""D - 1D, 3 Left DRW",867,RW-DS-V3321DL,Door Set RW-V3321DL,43.08029668,336,UBX-V3321DL,Cabinet Box for V3321DL,75.20882226,531
RW-V3321DR,"Shaker Rustic Wood - Vanity Sink Base - 33""W x 34 1/2"" x 21""D - 1D, 3 Right DRW",867,RW-DS-V3321DR,Door Set RW-V3321DR,43.08029668,336,UBX-V3321DR,Cabinet Box for V3321DR,75.20882226,531
RW-V3621DL,"Shaker Rustic Wood - Vanity Sink Base - 36""W x 34 1/2"" x 21""D - 1D, 3 Left DRW",893,RW-DS-V3621DL,Door Set RW-V3621DL,45.53063899,354,UBX-V3621DL,Cabinet Box for V3621DL,76.54206446,539
RW-V3621DR,"Shaker Rustic Wood - Vanity Sink Base - 36""W x 34 1/2"" x 21""D - 1D, 3 Right DRW",893,RW-DS-V3621DR,Door Set RW-V3621DR,45.53063899,354,UBX-V3621DR,Cabinet Box for V3621DR,76.54206446,539
RW-VS24,"Shaker Rustic Wood - Vanity Sink Base Cabinet - 24""W x 34 1/2""H x 21""D",447,RW-DS-VS24,Door Set RW-VS24,30.05847259,254,UBX-VS24,Cabinet Box for VS24,24.3777196,193
RW-VS27,"Shaker Rustic Wood - Vanity Sink Base Cabinet - 27""W x 34 1/2""H x 21""D",479,RW-DS-SB27/VS27,Door Set RW-SB27/VS27,32.46678882,276,UBX-VS27,Cabinet Box for VS27,25.84446652,203
RW-VS30,"Shaker Rustic Wood - Vanity Sink Base Cabinet - 30""W x 34 1/2""H x 21""D",515,RW-DS-SB30/VS30,Door Set RW-SB30/VS30,35.5494283,308,UBX-VS30,Cabinet Box for VS30,27.46628438,207
RW-VS33,"Shaker Rustic Wood - Vanity Sink Base Cabinet - 33""W x 34 1/2""H x 21""D",555,RW-DS-SB33/VS33,Door Set RW-SB33/VS33,37.95774453,330,UBX-VS33,Cabinet Box for VS33,28.93303129,225
RW-VS36,"Shaker Rustic Wood - Vanity Sink Base Cabinet - 36""W x 34 1/2""H x 21""D",578,RW-DS-SB36/VS36,Door Set RW-SB36/VS36,40.36606076,360,UBX-VS36,Cabinet Box for VS36,30.3997782,218
RW-VSD36,"Shaker Rustic Wood - Vanity Sink Drawer Base Cabinet - 36""W x 34 1/2""H x 21""D - 2 DRW, 2D",793,RW-DS-VSD36,Door Set RW-VSD36,41.31508149,362,UBX-VSD36,Cabinet Box for VSD36,53.77020886,431
RW-VSD42,"Shaker Rustic Wood - Vanity Sink Drawer Base Cabinet - 42""W x 34 1/2""H x 21""D - 2 DRW, 2D",883,RW-DS-VSD42,Door Set RW-VSD42,48.02591979,421,UBX-VSD42,Cabinet Box for VSD42,56.84088858,462
RW-VSD48,"Shaker Rustic Wood - Vanity Sink Drawer Base Cabinet - 48""W x 34 1/2""H x 21""D - 2 DRW, 2D",964,RW-DS-VSD48,Door Set RW-VSD48,52.8808061,466,UBX-VSD48,Cabinet Box for VSD48,60.93601883,498
SIB-2DB24,"Slim Iron Black - Drawer Base Cabinet - 24""W x  34-1/2""H x 24""D - 2DRW",698,SIB-DS-2DB24,Door Set SIB-2DB24,25.497,160,UBX-2DB24,Cabinet Box for 2DB24,82.467,538
SIB-2DB30,"Slim Iron Black - Drawer Base Cabinet - 30""W x  34-1/2""H x 24""D - 2DRW",783,SIB-DS-2DB30,Door Set SIB-2DB30,30.618,191,UBX-2DB30,Cabinet Box for 2DB30,91.746,592
SIB-2DB36,"Slim Iron Black - Drawer Base Cabinet - 36""W x  34-1/2""H x 24""D - 2DRW",851,SIB-DS-2DB36,Door Set SIB-2DB36,35.739,217,UBX-2DB36,Cabinet Box for 2DB36,101.016,634
SIB-3DB12,"Slim Iron Black - Drawer Base Cabinet - 12""W x 34-1/2""H x 24""D - 3DRW",563,SIB-DS-3DB12/3VDB12,Door Set SIB-3DB12/3VDB12,16.065,101,UBX-3DB12,Cabinet Box for 3DB12,74.565,462
SIB-3DB15,"Slim Iron Black - Drawer Base Cabinet - 15""W x  34-1/2""H x 24""D - 3DRW",634,SIB-DS-3DB15/3VDB15,Door Set SIB-3DB15/3VDB15,18.963,120,UBX-3DB15,Cabinet Box for 3DB15,78.894,514
SIB-3DB18,"Slim Iron Black - Drawer Base Cabinet - 18""W x  34-1/2""H x 24""D - 3DRW",674,SIB-DS-3DB18/3VDB18,Door Set SIB-3DB18/3VDB18,21.861,139,UBX-3DB18,Cabinet Box for 3DB18,83.232,535
SIB-3DB21,"Slim Iron Black - Drawer Base Cabinet - 21""W x  34-1/2""H x 24""D - 3DRW",694,SIB-DS-3DB21/3VDB21,Door Set SIB-3DB21/3VDB21,24.759,157,UBX-3DB21,Cabinet Box for 3DB21,87.561,537
SIB-3DB24,"Slim Iron Black - Drawer Base Cabinet - 24""W x  34-1/2""H x 24""D - 3DRW",733,SIB-DS-3DB24/3VDB24,Door Set SIB-3DB24/3VDB24,27.693,182,UBX-3DB24,Cabinet Box for 3DB24,91.953,551
SIB-3DB27,"Slim Iron Black - Drawer Base Cabinet - 27""W x  34-1/2""H x 24""D - 3DRW",792,SIB-DS-3DB27,Door Set SIB-3DB27,30.591,185,UBX-3DB27,Cabinet Box for 3DB27,96.759,607
SIB-3DB30,"Slim Iron Black - Drawer Base Cabinet - 30""W x  34-1/2""H x 24""D - 3DRW",850,SIB-DS-3DB30,Door Set SIB-3DB30,33.489,205,UBX-3DB30,Cabinet Box for 3DB30,101.556,645
SIB-3DB33,"Slim Iron Black - Drawer Base Cabinet - 33""W x  34-1/2""H x 24""D - 3DRW",881,SIB-DS-3DB33,Door Set SIB-3DB33,36.387,218,UBX-3DB33,Cabinet Box for 3DB33,106.362,663
SIB-3DB36,"Slim Iron Black - Drawer Base Cabinet - 36""W x  34-1/2""H x 24""D - 3DRW",934,SIB-DS-3DB36,Door Set SIB-3DB36,39.285,237,UBX-3DB36,Cabinet Box for 3DB36,111.159,697
SIB-B12,"Slim Iron Black - Base Cabinet - 12""W x 34-1/2""H x 24""D - 1D, 1Drw, 1S",376,SIB-DS-B12,Door Set SIB-B12,16.803,112,UBX-B12,Cabinet Box for B12,37.701,264
SIB-B15,"Slim Iron Black - Base Cabinet - 15""W x 34-1/2""H x 24""D - 1D, 1Drw, 1S",426,SIB-DS-B15,Door Set SIB-B15,19.17,134,UBX-B15,Cabinet Box for B15,40.149,292
SIB-B18,"Slim Iron Black - Base Cabinet - 18""W x 34-1/2""H x 24""D - 1D, 1Drw, 1S",458,SIB-DS-B18,Door Set SIB-B18,21.537,150,UBX-B18,Cabinet Box for B18,42.606,308
SIB-B21,"Slim Iron Black - Base Cabinet - 21""W x 34-1/2""H x 24""D - 1D, 1Drw, 1S",506,SIB-DS-B21,Door Set SIB-B21,23.904,172,UBX-B21,Cabinet Box for B21,45.063,334
SIB-B24,"Slim Iron Black - Base Cabinet - 24""W x 34-1/2""H x 24""D - 2D, 1Drw, 1S",551,SIB-DS-B24,Door Set SIB-B24,30.15,209,UBX-B24,Cabinet Box for B24,47.394,342
SIB-B27,"Slim Iron Black - Base Cabinet - 27""W x 34-1/2""H x 24""D - 2D, 1Drw, 1S",613,SIB-DS-B27,Door Set SIB-B27,32.517,236,UBX-B27,Cabinet Box for B27,50.247,377
SIB-B30,"Slim Iron Black - Base Cabinet - 30""W x 34-1/2""H x 24""D - 2D, 2Drw, 1S",717,SIB-DS-B30,Door Set SIB-B30,35.568,248,UBX-B30,Cabinet Box for B30,64.989,469
SIB-B33,"Slim Iron Black - Base Cabinet - 33""W x 34-1/2""H x 24""D - 2D, 2Drw, 1S",753,SIB-DS-B33,Door Set SIB-B33,37.944,264,UBX-B33,Cabinet Box for B33,67.86,489
SIB-B36,"Slim Iron Black - Base Cabinet - 36""W x 34-1/2""H x 24""D - 2D, 2Drw, 1S",805,SIB-DS-B36,Door Set SIB-B36,40.311,286,UBX-B36,Cabinet Box for B36,70.74,519
SIB-B42,"Slim Iron Black - Base Cabinet - 42""W x 34-1/2""H x 24""D - 2D, 2Drw, 1S",860,SIB-DS-B42,Door Set SIB-B42,46.827,321,UBX-B42,Cabinet Box for B42,76.374,539
SIB-BBC36,"Slim Iron Black - Blind Base Corner Cabinet - 33""W x 34-1/2""H x 24""D  -1D, 1Drw, 1S *Install range 37"" min., 40"" max; Specify Left-hinge or Right Hinge assembly",506,SIB-DS-BBC36,Door Set SIB-BBC36,31.041,192,UBX-BBC36,Cabinet Box for BBC36,48.771,314
SIB-BBC39,"Slim Iron Black - Blind Base Corner Cabinet - 36""W x 34-1/2""H x 24""D  -1D, 1Drw, 1S *Install range 40"" min., 43"" max; Specify Left-hinge or Right Hinge assembly",615,SIB-DS-BBC39,Door Set SIB-BBC39,32.562,237,UBX-BBC39,Cabinet Box for BBC39,49.968,378
SIB-BBC42,"Slim Iron Black - Blind Base Corner Cabinet - 39""W x 34-1/2""H x 24""D   -1D, 1Drw, 1S *Install range 43"" min., 46"" max; Specify Left-hinge or Right Hinge assembly",697,SIB-DS-BBC42,Door Set SIB-BBC42,34.119,273,UBX-BBC42,Cabinet Box for BBC42,50.976,424
SIB-BFH12,"Slim Iron Black - Base Cabinet - Full Height Door-12""W x 34-1/2""H x 24""D - 1D, 1S",292,SIB-DS-BFH12,Door Set SIB-BFH12,15.849,112,UBX-BFH12,Cabinet Box for BFH12,24.183,180
SIB-BFH15,"Slim Iron Black - Base Cabinet - Full Height Door-15""W x 34-1/2""H x 24""D - 1D, 1S",324,SIB-DS-BFH15,Door Set SIB-BFH15,17.838,130,UBX-BFH15,Cabinet Box for BFH15,26.001,194
SIB-BFH18,"Slim Iron Black - Base Cabinet - Full Height Door-18""W x 34-1/2""H x 24""D - 1D, 1S",356,SIB-DS-BFH18,Door Set SIB-BFH18,19.836,150,UBX-BFH18,Cabinet Box for BFH18,27.819,206
SIB-BFH21,"Slim Iron Black - Base Cabinet - Full Height Door-21""W x 34-1/2""H x 24""D - 1D, 1S",388,SIB-DS-BFH21,Door Set SIB-BFH21,21.825,166,UBX-BFH21,Cabinet Box for BFH21,29.637,222
SIB-BFH24,"Slim Iron Black - Base Cabinet - Full Height Door-24""W x 34-1/2""H x 24""D - 2D, 1S",442,SIB-DS-BFH24,Door Set SIB-BFH24,28.377,210,UBX-BFH24,Cabinet Box for BFH24,31.392,232
SIB-BFH27,"Slim Iron Black - Base Cabinet - Full Height Door-27""W x 34-1/2""H x 24""D - 2D, 1S",477,SIB-DS-BFH27,Door Set SIB-BFH27,30.366,229,UBX-BFH27,Cabinet Box for BFH27,33.606,248
SIB-BFH30,"Slim Iron Black - Base Cabinet - Full Height Door-30""W x 34-1/2""H x 24""D - 2D, 1S",513,SIB-DS-BFH30,Door Set SIB-BFH30,32.364,251,UBX-BFH30,Cabinet Box for BFH30,35.811,262
SIB-BFH33,"Slim Iron Black - Base Cabinet - Full Height Door-33""W x 34-1/2""H x 24""D - 2D, 1S",548,SIB-DS-BFH33,Door Set SIB-BFH33,34.353,263,UBX-BFH33,Cabinet Box for BFH33,38.025,285
SIB-BFH36,"Slim Iron Black - Base Cabinet - Full Height Door-36""W x 34-1/2""H x 24""D - 2D, 1S",583,SIB-DS-BFH36,Door Set SIB-BFH36,36.342,286,UBX-BFH36,Cabinet Box for BFH36,40.239,297
SIB-BT09,"Slim Iron Black - Base Cabinet - 9""W x 34-1/2""H x 24""D - 1D",289,SIB-DS-BT09,Door Set SIB-BT09,13.86,98,UBX-BT09,Cabinet Box for BT09,22.356,191
SIB-BWB18,"Slim Iron Black - Base Waste Basket - 18"" x 34 1/2 x 24",614,SIB-DS-BWB18,Door Set SIB-BWB18,19.962,142,UBX-BWB18,Cabinet Box for BWB18,63.459,472
SIB-ERB33,"Slim Iron Black - Easy Reach Base Cabinet - 33""W x 34-1/2""H - 1D",645,SIB-DS-ERB33,Door Set SIB-ERB33,26.829,211,UBX-ERB33,Cabinet Box for ERB33,52.83,434
SIB-ERB36,"Slim Iron Black - Easy Reach Base Cabinet - 36""W x 34-1/2""H - 1D",720,SIB-DS-ERB36,Door Set SIB-ERB36,30.609,242,UBX-ERB36,Cabinet Box for ERB36,58.023,478
SIB-FSB36,"Slim Iron Black - Farm Sink Base - 36""W X 34-1/2""H X 24""D",610,SIB-DS-FSB36,Door Set SIB-FSB36,34.119,331,UBX-SB36/FSB36,Cabinet Box for SB36/FSB36,32.859,279
SIB-MB30,"Slim Iron Black - Microwave Base Cabinet - 30""W x 34-1/2""H x 24""D -1DRW",679,SIB-DS-MB30,Door Set SIB-MB30,18.504,152,UBX-MB30,Cabinet Box for MB30,60.903,527
SIB-MB33,"Slim Iron Black - Microwave Base Cabinet - 33""W x 34-1/2""H x 24""D -1DRW",718,SIB-DS-MB33,Door Set SIB-MB33,19.971,164,UBX-MB33,Cabinet Box for MB33,64.242,554
SIB-SB30,"Slim Iron Black - Sink Base - 30""W x 34-1/2""H x 24""D - 1 False Drawer",526,SIB-DS-SB30/VS30,Door Set SIB-SB30/VS30,35.568,282,UBX-SB30,Cabinet Box for SB30,29.79,244
SIB-SB33,"Slim Iron Black - Sink Base - 33""W x 34-1/2""H x 24""D - 2 False Drawers",562,SIB-DS-SB33/VS33,Door Set SIB-SB33/VS33,37.944,303,UBX-SB33,Cabinet Box for SB33,31.32,259
SIB-SB36,"Slim Iron Black - Sink Base - 36""W x 34-1/2""H x 24""D - 2 False Drawers",610,SIB-DS-SB36/VS36,Door Set SIB-SB36/VS36,40.311,331,UBX-SB36/FSB36,Cabinet Box for SB36/FSB36,32.859,279
SIB-DCW2412GD,"Slim Iron Black - Wall Diagonal Glass Door Corner Cabinet - 24""W x 12""H x 12""D - 1D",235,SIB-DS-DCW2412GD,Door Set SIB-DCW2412GD,13.311,90,UBX-DCW2412,Cabinet Box for DCW2412,20.016,145
SIB-DCW2415GD,"Slim Iron Black - Wall Diagonal Glass Door Corner Cabinet - 24""W x 15""H x 12""D - 1D",252,SIB-DS-DCW2415GD,Door Set SIB-DCW2415GD,15.102,102,UBX-DCW2415,Cabinet Box for DCW2415,21.906,150
SIB-DCW2418GD,"Slim Iron Black - Wall Diagonal Glass Door Corner Cabinet - 24""W x 18""H x 12""D - 1D",278,SIB-DS-DCW2418GD,Door Set SIB-DCW2418GD,16.893,115,UBX-DCW2418,Cabinet Box for DCW2418,23.805,163
SIB-DCW2430,"Slim Iron Black - Wall Diagonal Corner Cabinet - 24""W x 30""H x 12""D - 1D -2S",508,SIB-DS-DCW2430,Door Set SIB-DCW2430,22.338,171,UBX-DCW2430,Cabinet Box for DCW2430,42.426,337
SIB-DCW2436,"Slim Iron Black - Wall Diagonal Corner Cabinet - 24""W x 36""H x 12""D - 1D- 2S",573,SIB-DS-DCW2436,Door Set SIB-DCW2436,25.524,199,UBX-DCW2436,Cabinet Box for DCW2436,46.215,374
SIB-DCW2442,"Slim Iron Black - Wall Diagonal Corner Cabinet - 24""W x 42""H x 12""D - 1D -3S",664,SIB-DS-DCW2442,Door Set SIB-DCW2442,29.7,225,UBX-DCW2442,Cabinet Box for DCW2442,56.16,439
SIB-W0930,"Slim Iron Black - Wall Cabinet - 09""W x 30""H x 12""D - 1D -2S",201,SIB-DS-W0930,Door Set SIB-W0930,13.86,98,UBX-W0930,Cabinet Box for W0930,13.878,103
SIB-W0936,"Slim Iron Black - Wall Cabinet - 09""W x 36""H x 12""D - 1D -2S",219,SIB-DS-W0936,Door Set SIB-W0936,15.939,108,UBX-W0936,Cabinet Box for W0936,15.543,111
SIB-W0942,"Slim Iron Black - Wall Cabinet - 09""W x 42""H x 12""D - 1D - 3S",259,SIB-DS-W0942,Door Set SIB-W0942,19.017,129,UBX-W0942,Cabinet Box for W0942,18.279,130
SIB-W1212GD,"Slim Iron Black - Wall Glass Door Cabinet - 12""W x 12""H x 12""D - 1D",119,SIB-DS-W1212GD,Door Set SIB-W1212GD,9,62,UBX-W1212,Cabinet Box for W1212,7.632,57
SIB-W1215GD,"Slim Iron Black - Wall Glass Door Cabinet - 12""W x 15""H x 12""D - 1D",130,SIB-DS-W1215GD,Door Set SIB-W1215GD,10.296,71,UBX-W1215,Cabinet Box for W1215,8.523,59
SIB-W1218GD,"Slim Iron Black - Wall Glass Door Cabinet - 12""W x 18""H x 12""D - 1D",146,SIB-DS-W1218GD,Door Set SIB-W1218GD,11.583,80,UBX-W1218,Cabinet Box for W1218,9.414,66
SIB-W1230,"Slim Iron Black - Wall Cabinet - 12""W x 30""H x 12""D - 1D -2S",227,SIB-DS-W1230,Door Set SIB-W1230,15.849,112,UBX-W1230,Cabinet Box for W1230,15.57,115
SIB-W1236,"Slim Iron Black - Wall Cabinet - 12""W x 36""H x 12""D - 1D -2S",261,SIB-DS-W1236,Door Set SIB-W1236,18.207,131,UBX-W1236,Cabinet Box for W1236,17.352,130
SIB-W1242,"Slim Iron Black - Wall Cabinet - 12""W x 42""H x 12""D - 1D - 3S",301,SIB-DS-W1242,Door Set SIB-W1242,21.555,151,UBX-W1242,Cabinet Box for W1242,20.529,150
SIB-W1512GD,"Slim Iron Black - Wall Glass Door Cabinet - 15""W x 12""H x 12""D - 1D",134,SIB-DS-W1512GD,Door Set SIB-W1512GD,10.278,71,UBX-W1512,Cabinet Box for W1512,8.541,63
SIB-W1515GD,"Slim Iron Black - Wall Glass Door Cabinet - 15""W x 15""H x 12""D - 1D",148,SIB-DS-W1515GD,Door Set SIB-W1515GD,11.754,81,UBX-W1515,Cabinet Box for W1515,9.522,67
SIB-W1518GD,"Slim Iron Black - Wall Glass Door Cabinet - 15""W x 18""H x 12""D - 1D",166,SIB-DS-W1518GD,Door Set SIB-W1518GD,13.239,92,UBX-W1518,Cabinet Box for W1518,10.494,74
SIB-W1530,"Slim Iron Black - Wall Cabinet - 15""W x 30""H x 12""D - 1D -2S",263,SIB-DS-W1530,Door Set SIB-W1530,17.838,130,UBX-W1530,Cabinet Box for W1530,17.649,133
SIB-W1536,"Slim Iron Black - Wall Cabinet - 15""W x 36""H x 12""D - 1D -2S",302,SIB-DS-W1536,Door Set SIB-W1536,20.466,152,UBX-W1536,Cabinet Box for W1536,19.602,150
SIB-W1542,"Slim Iron Black - Wall Cabinet - 15""W x 42""H x 12""D - 1D - 3S",354,SIB-DS-W1542,Door Set SIB-W1542,24.093,177,UBX-W1542,Cabinet Box for W1542,23.274,177
SIB-W1812GD,"Slim Iron Black - Wall Glass Door Cabinet - 18""W x 12""H x 12""D - 1D",154,SIB-DS-W1812GD,Door Set SIB-W1812GD,11.547,82,UBX-W1812,Cabinet Box for W1812,9.45,72
SIB-W1815GD,"Slim Iron Black - Wall Glass Door Cabinet - 18""W x 15""H x 12""D - 1D",166,SIB-DS-W1815GD,Door Set SIB-W1815GD,13.221,92,UBX-W1815,Cabinet Box for W1815,10.512,74
SIB-W1818GD,"Slim Iron Black - Wall Glass Door Cabinet - 18""W x 18""H x 12""D - 1D",186,SIB-DS-W1818GD,Door Set SIB-W1818GD,14.886,104,UBX-W1818,Cabinet Box for W1818,11.583,82
SIB-W1830,"Slim Iron Black - Wall Cabinet - 18""W x 30""H x 12""D - 1D - 2S",305,SIB-DS-W1830,Door Set SIB-W1830,19.836,150,UBX-W1830,Cabinet Box for W1830,19.728,155
SIB-W1836,"Slim Iron Black - Wall Cabinet - 18""W x 36""H x 12""D - 1D -2S",354,SIB-DS-W1836,Door Set SIB-W1836,22.734,178,UBX-W1836,Cabinet Box for W1836,21.861,176
SIB-W1842,"Slim Iron Black - Wall Cabinet - 18""W x 42""H x 12""D - 1D -3S",404,SIB-DS-W1842,Door Set SIB-W1842,26.631,202,UBX-W1842,Cabinet Box for W1842,26.028,202
SIB-W2112GD,"Slim Iron Black - Wall Glass Door Cabinet - 21""W x 12""H x 12""D - 1D",169,SIB-DS-W2112GD,Door Set SIB-W2112GD,12.825,90,UBX-W2112,Cabinet Box for W2112,10.359,79
SIB-W2115GD,"Slim Iron Black - Wall Glass Door Cabinet - 21""W x 15""H x 12""D - 1D",184,SIB-DS-W2115GD,Door Set SIB-W2115GD,14.679,103,UBX-W2115,Cabinet Box for W2115,11.511,81
SIB-W2118GD,"Slim Iron Black - Wall Glass Door Cabinet - 21""W x 18""H x 12""D - 1D",205,SIB-DS-W2118GD,Door Set SIB-W2118GD,16.542,116,UBX-W2118,Cabinet Box for W2118,12.663,89
SIB-W2130,"Slim Iron Black - Wall Cabinet - 21""W x 30""H x 12""D - 1D -2S",336,SIB-DS-W2130,Door Set SIB-W2130,21.825,166,UBX-W2130,Cabinet Box for W2130,21.798,170
SIB-W2136,"Slim Iron Black - Wall Cabinet - 21""W x 36""H x 12""D - 1D -2S",397,SIB-DS-W2136,Door Set SIB-W2136,24.993,200,UBX-W2136,Cabinet Box for W2136,24.111,197
SIB-W2142,"Slim Iron Black - Wall Cabinet - 21""W x 42""H x 12""D - 1D -3S",443,SIB-DS-W2142,Door Set SIB-W2142,29.169,220,UBX-W2142,Cabinet Box for W2142,28.773,223
SIB-W2412GD,"Slim Iron Black - Wall Glass Door Cabinet - 24""W x 12""H x 12""D - 2D",206,SIB-DS-W2412GD,Door Set SIB-W2412GD,16.551,118,UBX-W2412,Cabinet Box for W2412,11.511,88
SIB-W2415GD,"Slim Iron Black - Wall Glass Door Cabinet - 24""W x 15""H x 12""D - 2D",219,SIB-DS-W2415GD,Door Set SIB-W2415GD,18.828,130,UBX-W2415,Cabinet Box for W2415,12.726,89
SIB-W2418,"Slim Iron Black - Wall Cabinet - 21""W x 18""H x 12""D - 1D",287,SIB-DS-W2418,Door Set SIB-W2418,20.178,167,UBX-W2418,Cabinet Box for W2418,13.941,120
SIB-W2418GD,"Slim Iron Black - Wall Glass Door Cabinet - 24""W x 18""H x 12""D - 2D",245,SIB-DS-W2418GD,Door Set SIB-W2418GD,21.114,125,UBX-W2418,Cabinet Box for W2418,13.941,120
SIB-W2430,"Slim Iron Black - Wall Cabinet - 24""W x 30""H x 12""D - 2D -2S",394,SIB-DS-W2430,Door Set SIB-W2430,28.377,210,UBX-W2430/WBC2430,Cabinet Box for W2430/WBC2430,23.967,184
SIB-W2436,"Slim Iron Black - Wall Cabinet - 24""W x 36""H x 12""D - 2D -2S",462,SIB-DS-W2436,Door Set SIB-W2436,32.472,251,UBX-W2436,Cabinet Box for W2436,26.397,211
SIB-W2442,"Slim Iron Black - Wall Cabinet - 24""W x 42""H x 12""D - 2D -3S",539,SIB-DS-W2442,Door Set SIB-W2442,38.547,292,UBX-W2442/WBC2442,Cabinet Box for W2442/WBC2442,31.599,247
SIB-W2712GD,"Slim Iron Black - Wall Glass Door Cabinet - 27""W x 12""H x 12""D - 2D",224,SIB-DS-W2712GD,Door Set SIB-W2712GD,17.829,128,UBX-W2712,Cabinet Box for W2712,12.42,96
SIB-W2715GD,"Slim Iron Black - Wall Glass Door Cabinet - 27""W x 15""H x 12""D - 2D",237,SIB-DS-W2715GD,Door Set SIB-W2715GD,20.295,141,UBX-W2715,Cabinet Box for W2715,13.725,96
SIB-W2718GD,"Slim Iron Black - Wall Glass Door Cabinet - 27""W x 18""H x 12""D - 2D",264,SIB-DS-W2718GD,Door Set SIB-W2718GD,22.761,159,UBX-W2718,Cabinet Box for W2718,15.021,105
SIB-W2730,"Slim Iron Black - Wall Cabinet - 27""W x 30""H x 12""D - 2D -2S",431,SIB-DS-W2730,Door Set SIB-W2730,30.366,229,UBX-W2730/WBC2730,Cabinet Box for W2730/WBC2730,26.046,202
SIB-W2736,"Slim Iron Black - Wall Cabinet - 27""W x 36""H x 12""D - 2D -2S",498,SIB-DS-W2736,Door Set SIB-W2736,34.731,269,UBX-W2736/WBC2736,Cabinet Box for W2736/WBC2736,28.656,229
SIB-W2742,"Slim Iron Black - Wall Cabinet - 27""W x 42""H x 12""D - 2D -3S",555,SIB-DS-W2742,Door Set SIB-W2742,41.076,298,UBX-W2742/WBC2742,Cabinet Box for W2742/WBC2742,34.353,257
SIB-W3012,"Slim Iron Black - Wall Cabinet - 30""W x 12""H x 12""D - 2D",261,SIB-DS-W3012/W301224,Door Set SIB-W3012/W301224,18.423,148,UBX-W3012,Cabinet Box for W3012,13.329,113
SIB-W301224,"Slim Iron Black - Wall Refrigerator Cabinet-30""W x 12""H x 24""D - 2D",332,SIB-DS-W3012/W301224,Door Set SIB-W3012/W301224,18.423,148,UBX-W301224,Cabinet Box for W301224,22.86,184
SIB-W3012GD,"Slim Iron Black - Wall Glass Door Cabinet - 30""W x 12""H x 12""D - 2D",282,SIB-DS-W3012GD,Door Set SIB-W3012GD,19.098,169,UBX-W3012,Cabinet Box for W3012,13.329,113
SIB-W3015,"Slim Iron Black - Wall Cabinet - 30""W x 15""H x 12""D - 2D",293,SIB-DS-W3015/W301524,Door Set SIB-W3015/W301524,20.745,168,UBX-W3015,Cabinet Box for W3015,14.715,125
SIB-W301524,"Slim Iron Black - Wall Refrigerator Cabinet - 30""W x 15""H x 24""D - 2D",360,SIB-DS-W3015/W301524,Door Set SIB-W3015/W301524,20.745,168,UBX-W301524,Cabinet Box for W301524,24.489,192
SIB-W3015GD,"Slim Iron Black - Wall Glass Door Cabinet - 30""W x 15""H x 12""D - 2D",254,SIB-DS-W3015GD,Door Set SIB-W3015GD,21.762,129,UBX-W3015,Cabinet Box for W3015,14.715,125
SIB-W3018,"Slim Iron Black - Wall Cabinet - 30""W x 18""H x 12""D - 2D",322,SIB-DS-W3018/W301824,Door Set SIB-W3018/W301824,23.058,186,UBX-W3018,Cabinet Box for W3018,16.11,136
SIB-W301824,"Slim Iron Black - Wall Refrigerator Cabinet - 30""W x 18""H x 24""D - 2D",402,SIB-DS-W3018/W301824,Door Set SIB-W3018/W301824,23.058,186,UBX-W301824,Cabinet Box for W301824,26.118,216
SIB-W3018GD,"Slim Iron Black - Wall Glass Door Cabinet - 30""W x 18""H x 12""D - 2D",354,SIB-DS-W3018GD,Door Set SIB-W3018GD,24.417,218,UBX-W3018,Cabinet Box for W3018,16.11,136
SIB-W3024,"Slim Iron Black - Wall Cabinet - 30""W x 24""H x 12""D - 2D - 1S",388,SIB-DS-W3024/W302424,Door Set SIB-W3024/W302424,27.729,213,UBX-W3024,Cabinet Box for W3024,22.122,175
SIB-W302424,"Slim Iron Black - Wall Refrigerator Cabinet - 30""W x 24""H x 24""D - 2D -1S",485,SIB-DS-W3024/W302424,Door Set SIB-W3024/W302424,27.729,213,UBX-W302424,Cabinet Box for W302424,36.117,272
SIB-W3030,"Slim Iron Black - Wall Cabinet - 30""W x 30""H x 12""D - 2D -2S",476,SIB-DS-W3030,Door Set SIB-W3030,32.364,251,UBX-W3030,Cabinet Box for W3030,28.125,225
SIB-W3036,"Slim Iron Black - Wall Cabinet - 30""W x 36""H x 12""D - 2D -2S",545,SIB-DS-W3036,Door Set SIB-W3036,36.99,293,UBX-W3036,Cabinet Box for W3036,30.906,252
SIB-W3042,"Slim Iron Black - Wall Cabinet - 30""W x 42""H x 12""D - 2D -3S",632,SIB-DS-W3042,Door Set SIB-W3042,43.614,337,UBX-W3042,Cabinet Box for W3042,37.098,295
SIB-W3312,"Slim Iron Black - Wall Cabinet - 33""W x 12""H x 12""D - 2D",274,SIB-DS-W3312/W331224,Door Set SIB-W3312/W331224,19.593,156,UBX-W3312,Cabinet Box for W3312,14.238,118
SIB-W331224,"Slim Iron Black - Wall Refrigerator Cabinet-33""W x 12""H x 24""D - 2D",351,SIB-DS-W3312/W331224,Door Set SIB-W3312/W331224,19.593,156,UBX-W331224,Cabinet Box for W331224,24.462,195
SIB-W3312GD,"Slim Iron Black - Wall Glass Door Cabinet - 33""W x 12""H x 12""D - 2D",299,SIB-DS-W3312GD,Door Set SIB-W3312GD,20.376,181,UBX-W3312,Cabinet Box for W3312,14.238,118
SIB-W3315,"Slim Iron Black - Wall Cabinet - 33""W x 15""H x 12""D - 2D",302,SIB-DS-W3315/W331524,Door Set SIB-W3315/W331524,22.05,173,UBX-W3315,Cabinet Box for W3315,15.714,129
SIB-W331524,"Slim Iron Black - Wall Refrigerator Cabinet - 33""W x 15""H x 24""D -2D",380,SIB-DS-W3315/W331524,Door Set SIB-W3315/W331524,22.05,173,UBX-W331524,Cabinet Box for W331524,26.154,207
SIB-W3315GD,"Slim Iron Black - Wall Glass Door Cabinet - 33""W x 15""H x 12""D - 2D",273,SIB-DS-W3315GD,Door Set SIB-W3315GD,23.22,144,UBX-W3315,Cabinet Box for W3315,15.714,129
SIB-W3318,"Slim Iron Black - Wall Cabinet - 33""W x 18""H x 12""D - 2D",332,SIB-DS-W3318/W331824,Door Set SIB-W3318/W331824,24.507,192,UBX-W3318,Cabinet Box for W3318,17.19,140
SIB-W331824,"Slim Iron Black - Wall Refrigerator Cabinet - 33""W x 18""H x 24""D -2D",414,SIB-DS-W3318/W331824,Door Set SIB-W3318/W331824,24.507,192,UBX-W331824,Cabinet Box for W331824,27.837,222
SIB-W3318GD,"Slim Iron Black - Wall Glass Door Cabinet - 33""W x 18""H x 12""D - 2D",304,SIB-DS-W3318GD,Door Set SIB-W3318GD,26.064,164,UBX-W3318,Cabinet Box for W3318,17.19,140
SIB-W3324,"Slim Iron Black - Wall Cabinet - 33""W x 24""H x 12""D - 2D - 1S",396,SIB-DS-W3324/W332424,Door Set SIB-W3324/W332424,29.439,216,UBX-W3324,Cabinet Box for W3324,23.706,180
SIB-W332424,"Slim Iron Black - Wall Refrigerator Cabinet -33""W x 24""H x 24""D-2D -1S",525,SIB-DS-W3324/W332424,Door Set SIB-W3324/W332424,29.439,216,UBX-W332424,Cabinet Box for W332424,38.637,309
SIB-W3330,"Slim Iron Black - Wall Cabinet - 33""W x 30""H x 12""D - 2D -2S",501,SIB-DS-W3330,Door Set SIB-W3330,34.353,263,UBX-W3330,Cabinet Box for W3330,30.204,238
SIB-W3336,"Slim Iron Black - Wall Cabinet - 33""W x 36""H x 12""D - 2D -2S",591,SIB-DS-W3336,Door Set SIB-W3336,39.258,317,UBX-W3336,Cabinet Box for W3336,33.156,274
SIB-W3342,"Slim Iron Black - Wall Cabinet - 33""W x 42""H x 12""D - 2D -3S",674,SIB-DS-W3342,Door Set SIB-W3342,46.152,358,UBX-W3342,Cabinet Box for W3342,39.843,316
SIB-W3612,"Slim Iron Black - Wall Cabinet - 36""W x 12""H x 12""D - 2D",290,SIB-DS-W3612/W361224,Door Set SIB-W3612/W361224,20.763,164,UBX-W3612,Cabinet Box for W3612,15.147,126
SIB-W361224,"Slim Iron Black - Wall Cabinet - 36""W x 12""H x 24""D - 2D",368,SIB-DS-W3612/W361224,Door Set SIB-W3612/W361224,20.763,164,UBX-W361224,Cabinet Box for W361224,26.064,204
SIB-W3612GD,"Slim Iron Black - Wall Glass Door Cabinet - 36""W x 12""H x 12""D - 2D",317,SIB-DS-W3612GD,Door Set SIB-W3612GD,21.645,191,UBX-W3612,Cabinet Box for W3612,15.147,126
SIB-W3615,"Slim Iron Black - Wall Cabinet - 36""W x 15""H x 12""D - 2D",312,SIB-DS-W3615/W361524,Door Set SIB-W3615/W361524,23.355,179,UBX-W3615,Cabinet Box for W3615,16.713,133
SIB-W361524,"Slim Iron Black - Wall Refrigerator Cabinet - 36""W x 15""H x 24""D - 2D",393,SIB-DS-W3615/W361524,Door Set SIB-W3615/W361524,23.355,179,UBX-W361524,Cabinet Box for W361524,27.81,214
SIB-W3615GD,"Slim Iron Black - Wall Glass Door Cabinet - 36""W x 15""H x 12""D - 2D",290,SIB-DS-W3615GD,Door Set SIB-W3615GD,24.687,157,UBX-W3615,Cabinet Box for W3615,16.713,133
SIB-W3618,"Slim Iron Black - Wall Cabinet - 36""W x 18""H x 12""D - 2D",349,SIB-DS-W3618/W361824,Door Set SIB-W3618/W361824,25.947,202,UBX-W3618,Cabinet Box for W3618,18.279,147
SIB-W361824,"Slim Iron Black - Wall Refrigerator Cabinet - 36""W x 18""H x 24""D - 2D",428,SIB-DS-W3618/W361824,Door Set SIB-W3618/W361824,25.947,202,UBX-W361824,Cabinet Box for W361824,29.556,226
SIB-W3618GD,"Slim Iron Black - Wall Glass Door Cabinet - 36""W x 18""H x 12""D - 2D",436,SIB-DS-W3618GD,Door Set SIB-W3618GD,27.72,289,UBX-W3618,Cabinet Box for W3618,18.279,147
SIB-W3624,"Slim Iron Black - Wall Cabinet - 36""W x 24""H x 12""D - 2D - 1S",455,SIB-DS-W3624/W362424,Door Set SIB-W3624/W362424,31.158,248,UBX-W3624,Cabinet Box for W3624,25.29,207
SIB-W362424,"Slim Iron Black - Wall Refrigerator Cabinet - 36""W x 24""H x 24""D - 2D -1S",560,SIB-DS-W3624/W362424,Door Set SIB-W3624/W362424,31.158,248,UBX-W362424,Cabinet Box for W362424,41.157,312
SIB-W3630,"Slim Iron Black - Wall Cabinet - 36""W x 30""H x 12""D - 2D -2S",546,SIB-DS-W3630,Door Set SIB-W3630,36.342,286,UBX-W3630/WBC3630,Cabinet Box for W3630,32.274,260
SIB-W3636,"Slim Iron Black - Wall Cabinet - 36""W x 36""H x 12""D - 2D -2S",631,SIB-DS-W3636,Door Set SIB-W3636,41.517,337,UBX-W3636,Cabinet Box for W3636,35.406,294
SIB-W3642,"Slim Iron Black - Wall Cabinet - 36""W x 42""H x 12""D - 2D -3S",722,SIB-DS-W3642,Door Set SIB-W3642,48.69,381,UBX-W3642/WBC3642,Cabinet Box for W3642,42.597,341
SIB-W3930,"Slim Iron Black - Wall Cabinet - 39""W x 30""H x 12""D - 2D -2S",566,SIB-DS-W3930,Door Set SIB-W3930,38.358,295,UBX-W3930,Cabinet Box for W3930,34.38,271
SIB-WBC2730,"Slim Iron Black - Wall Blind Corner Cabinet - 27""W x 30""H x 12""D - 1D -2S",364,SIB-DS-WBC2730,Door Set SIB-WBC2730,26.451,162,UBX-W2730/WBC2730,Cabinet Box for W2730/WBC2730,26.046,202
SIB-WBC2736,"Slim Iron Black - Wall Blind Corner Cabinet - 27""W x 36""H x 12""D - 1D -2S",413,SIB-DS-WBC2736,Door Set SIB-WBC2736,30.753,184,UBX-W2736/WBC2736,Cabinet Box for W2736/WBC2736,28.656,229
SIB-WBC2742,"Slim Iron Black - Wall Blind Corner Cabinet - 27""W x 42""H x 12""D - 1D -3S",483,SIB-DS-WBC2742,Door Set SIB-WBC2742,36.063,226,UBX-W2742/WBC2742,Cabinet Box for W2742/WBC2742,34.353,257
SIB-WD1848,"Slim Iron Black - Wall With Drawer Cabinet-18""W x 48""H x 12""D- 1D, 2 DRW -2S",552,SIB-DS-WD1848,Door Set SIB-WD1848,32.859,175,UBX-WD1848,Cabinet Box for WD1848,68.355,377
SIB-WD1854,"Slim Iron Black - Wall With Drawer Cabinet-18""W x 54""H x 12""D- 1D, 2 DRW -2S",605,SIB-DS-WD1854,Door Set SIB-WD1854,35.775,199,UBX-WD1854,Cabinet Box for WD1854,70.497,406
SIB-WD1860,"Slim Iron Black - Wall With Drawer Cabinet-18""W x 60""H x 12""D- 1D, 2 DRW -3S",652,SIB-DS-WD1860,Door Set SIB-WD1860,38.673,222,UBX-WD1860,Cabinet Box for WD1860,72.63,430
SIB-WER2412GD,"Slim Iron Black - Easy Reach Wall Glass Door Cabinet - 24""W x 12""H x 12 ""D",272,SIB-DS-WER2412GD,Door Set SIB-WER2412GD,16.101,109,UBX-WER2412,Cabinet Box for WER2412,23.751,163
SIB-WER2415GD,"Slim Iron Black - Easy Reach Wall Glass Door Cabinet - 24""W x 15""H x 12 ""D",303,SIB-DS-WER2415GD,Door Set SIB-WER2415GD,17.721,120,UBX-WER2415,Cabinet Box for WER2415,26.757,183
SIB-WER2418GD,"Slim Iron Black - Easy Reach Wall Glass Door Cabinet - 24""W x 18""H x 12 ""D",334,SIB-DS-WER2418GD,Door Set SIB-WER2418GD,19.341,131,UBX-WER2418,Cabinet Box for WER2418,29.763,203
SIB-WER2430,"Slim Iron Black - Easy Reach Wall Cabinet - 24""W x 30""H x 12""D -2S",503,SIB-DS-WER2430,Door Set SIB-WER2430,25.848,161,UBX-WER2430,Cabinet Box for WER2430,52.758,342
SIB-WER2436,"Slim Iron Black - Easy Reach Wall Cabinet - 24""W x 36""H x 12""D -2S",604,SIB-DS-WER2436,Door Set SIB-WER2436,29.088,196,UBX-WER2436,Cabinet Box for WER2436,58.77,408
SIB-WER2442,"Slim Iron Black - Easy Reach Wall Cabinet - 24""W x 42""H x 12""D -3S",708,SIB-DS-WER2442,Door Set SIB-WER2442,32.346,231,UBX-WER2442,Cabinet Box for WER2442,64.818,477
SIB-O338424,"Slim Iron Black - Oven Cabinet - 33""W x 84""H X 24""D - 2D, 3DRW",1699,SIB-DS-O338424,Door Set SIB-O338424,84.168,565,UBX-O338424,Cabinet Box for O338424,162.495,1134
SIB-O339024,"Slim Iron Black - Oven Cabinet - 33""W x 90""H X 24""D - 2D, 3DRW, 1S",1778,SIB-DS-O339024,Door Set SIB-O339024,89.757,592,UBX-O339024,Cabinet Box for O339024,173.223,1186
SIB-O339624,"Slim Iron Black - Oven Cabinet - 33""W x 96""H X 24""D - 2D, 3DRW, 1S",1938,SIB-DS-O339624,Door Set SIB-O339624,94.833,661,UBX-O339624,Cabinet Box for O339624,177.201,1277
SIB-U188424,"Slim Iron Black - Wall Pantry - 18""W x 84""H x 24""D - 2D - 5S",1101,SIB-DS-U188424,Door Set SIB-U188424,50.688,423,UBX-U188424,Cabinet Box for U188424,79.47,678
SIB-U189024,"Slim Iron Black - Wall Pantry - 18""W x 90""H x 24""D - 2D - 5S",1136,SIB-DS-U189024,Door Set SIB-U189024,53.703,441,UBX-U189024,Cabinet Box for U189024,82.809,695
SIB-U189624,"Slim Iron Black - Wall Pantry - 18""W x 96""H x 24""D - 2D - 5S",1187,SIB-DS-U189624,Door Set SIB-U189624,57.726,470,UBX-U189624,Cabinet Box for U189624,86.202,717
SIB-U248424,"Slim Iron Black - Wall Pantry - 24""W x 84""H x 24""D - 4D - 5S",1321,SIB-DS-U248424,Door Set SIB-U248424,73.242,575,UBX-U248424,Cabinet Box for U248424,92.295,746
SIB-U249024,"Slim Iron Black - Wall Pantry - 24""W x 90""H x 24""D - 4D - 5S",1370,SIB-DS-U249024,Door Set SIB-U249024,77.49,604,UBX-U249024,Cabinet Box for U249024,95.76,766
SIB-U249624,"Slim Iron Black - Wall Pantry - 24""W x 96""H x 24""D - 4D - 5S",1438,SIB-DS-U249624,Door Set SIB-U249624,83.772,648,UBX-U249624,Cabinet Box for U249624,99.342,790
SIB-U308424,"Slim Iron Black - Wall Pantry - 30""W x 84""H x 24""D - 4D - 5S",1635,SIB-DS-U308424,Door Set SIB-U308424,83.025,704,UBX-U308424,Cabinet Box for U308424,107.496,931
SIB-U309024,"Slim Iron Black - Wall Pantry - 30""W x 90""H x 24""D - 4D - 5S",1711,SIB-DS-U309024,Door Set SIB-U309024,87.84,746,UBX-U309024,Cabinet Box for U309024,111.303,965
SIB-U309624,"Slim Iron Black - Wall Pantry - 30""W x 96""H x 24""D - 4D - 5S",1805,SIB-DS-U309624,Door Set SIB-U309624,94.689,805,UBX-U309624,Cabinet Box for U309624,115.209,1000
SIB-3VDB12,"Slim Iron Black - Vanity Drawer Base Cabinet - 12""W x 34 1/2""H x 21""D - 3 DRW",550,SIB-DS-3DB12/3VDB12,Door Set SIB-3DB12/3VDB12,16.065,101,UBX-3VDB12,Cabinet Box for 3VDB12,68.148,449
SIB-3VDB15,"Slim Iron Black - Vanity Drawer Base Cabinet - 15""W x 34 1/2""H x 21""D - 3 DRW",599,SIB-DS-3DB15/3VDB15,Door Set SIB-3DB15/3VDB15,18.963,120,UBX-3VDB15,Cabinet Box for 3VDB15,72.252,479
SIB-3VDB18,"Slim Iron Black - Vanity Drawer Base Cabinet - 18""W x 34 1/2""H x 21""D - 3 DRW",648,SIB-DS-3DB18/3VDB18,Door Set SIB-3DB18/3VDB18,21.861,139,UBX-3VDB18,Cabinet Box for 3VDB18,76.356,509
SIB-3VDB21,"Slim Iron Black - Vanity Drawer Base Cabinet - 21""W x 34 1/2""H x 21""D - 3 DRW",687,SIB-DS-3DB21/3VDB21,Door Set SIB-3DB21/3VDB21,24.759,157,UBX-3VDB21,Cabinet Box for 3VDB21,80.46,530
SIB-3VDB24,"Slim Iron Black - Vanity Drawer Base Cabinet - 24""W x 34 1/2""H x 21""D - 3 DRW",765,SIB-DS-3DB24/3VDB24,Door Set SIB-3DB24/3VDB24,27.693,182,UBX-3VDB24,Cabinet Box for 3VDB24,85.086,583
SIB-V3021TDL,"Slim Iron Black - Vanity Sink Base - 30""W x 34 1/2"" x 21""D - 1 False Front,1D, 2 Left DRW",819,SIB-DS-V3021TDL,Door Set SIB-V3021TDL,35.901,213,UBX-V3021TDL,Cabinet Box for V3021TDL,60.66,606
SIB-V3021TDR,"Slim Iron Black - Vanity Sink Base - 30""W x 34 1/2"" x 21""D - 1 False Front,1D, 2 Right DRW",819,SIB-DS-V3021TDR,Door Set SIB-V3021TDR,35.901,213,UBX-V3021TDR,Cabinet Box for V3021TDR,60.66,606
SIB-V3321TDL,"Slim Iron Black - Vanity Sink Base - 33""W x 34 1/2"" x 21""D - 1 False Front,1D, 2 Left DRW",853,SIB-DS-V3321TDL,Door Set SIB-V3321TDL,42.12,235,UBX-V3321TDL,Cabinet Box for V3321TDL,61.866,618
SIB-V3321TDR,"Slim Iron Black - Vanity Sink Base - 33""W x 34 1/2"" x 21""D - 1 False Front,1D, 2 Right DRW",853,SIB-DS-V3321TDR,Door Set SIB-V3321TDR,42.12,235,UBX-V3321TDR,Cabinet Box for V3321TDR,61.866,618
SIB-V3621TDL,"Slim Iron Black - Vanity Sink Base - 36""W x 34 1/2"" x 21""D - 1 False Front,2D, 2 Left DRW",887,SIB-DS-V3621TDL,Door Set SIB-V3621TDL,44.505,257,UBX-V3621TDL,Cabinet Box for V3621TDL,63.216,630
SIB-V3621TDR,"Slim Iron Black - Vanity Sink Base - 36""W x 34 1/2"" x 21""D - 1 False Front,2D, 2 Right DRW",887,SIB-DS-V3621TDR,Door Set SIB-V3621TDR,44.505,257,UBX-V3621TDR,Cabinet Box for V3621TDR,63.216,630
SIB-VS24,"Slim Iron Black - Vanity Sink Base Cabinet - 24""W x 34 1/2""H x 21""D",423,SIB-DS-VS24,Door Set SIB-VS24,30.15,230,UBX-VS24,Cabinet Box for VS24,24.381,193
SIB-VS27,"Slim Iron Black - Vanity Sink Base Cabinet - 27""W x 34 1/2""H x 21""D",456,SIB-DS-VS27,Door Set SIB-VS27,32.517,253,UBX-VS27,Cabinet Box for VS27,25.848,203
SIB-VS30,"Slim Iron Black - Vanity Sink Base Cabinet - 30""W x 34 1/2""H x 21""D",489,SIB-DS-SB30/VS30,Door Set SIB-SB30/VS30,35.568,282,UBX-VS30,Cabinet Box for VS30,27.468,207
SIB-VS33,"Slim Iron Black - Vanity Sink Base Cabinet - 33""W x 34 1/2""H x 21""D",528,SIB-DS-SB33/VS33,Door Set SIB-SB33/VS33,37.944,303,UBX-VS33,Cabinet Box for VS33,28.935,225
SIB-VS36,"Slim Iron Black - Vanity Sink Base Cabinet - 36""W x 34 1/2""H x 21""D",549,SIB-DS-SB36/VS36,Door Set SIB-SB36/VS36,40.311,331,UBX-VS36,Cabinet Box for VS36,30.402,218
SIB-VSD36,"Slim Iron Black - Vanity Sink Drawer Base Cabinet - 36""W x 34 1/2""H x 21""D - 2 DRW, 2D",752,SIB-DS-VSD36,Door Set SIB-VSD36,41.283,321,UBX-VSD36,Cabinet Box for VSD36,53.766,431
SIB-VSD42,"Slim Iron Black - Vanity Sink Drawer Base Cabinet - 42""W x 34 1/2""H x 21""D - 2 DRW, 2D",839,SIB-DS-VSD42,Door Set SIB-VSD42,47.925,377,UBX-VSD42,Cabinet Box for VSD42,56.844,462
SIB-VSD48,"Slim Iron Black - Vanity Sink Drawer Base Cabinet - 48""W x 34 1/2""H x 21""D - 2 DRW, 2D",916,SIB-DS-VSD48,Door Set SIB-VSD48,52.704,418,UBX-VSD48,Cabinet Box for VSD48,60.939,498
SAO-2DB24,"Slim Aston Green - Drawer Base Cabinet - 24""W x  34-1/2""H x 24""D - 2DRW",796,SAO-DS-2DB24,Door Set SAO-2DB24,38.3303622,258,UBX-2DB24,Cabinet Box for 2DB24,91.63,538
SAO-2DB30,"Slim Aston Green - Drawer Base Cabinet - 30""W x  34-1/2""H x 24""D - 2DRW",894,SAO-DS-2DB30,Door Set SAO-2DB30,46.14169916,302,UBX-2DB30,Cabinet Box for 2DB30,101.94,592
SAO-2DB36,"Slim Aston Green - Drawer Base Cabinet - 36""W x  34-1/2""H x 24""D - 2DRW",971,SAO-DS-2DB36,Door Set SAO-2DB36,53.95303612,337,UBX-2DB36,Cabinet Box for 2DB36,112.24,634
SAO-3DB12,"Slim Aston Green - Drawer Base Cabinet - 12""W x 34-1/2""H x 24""D - 3DRW",657,SAO-DS-3DB12/3VDB12,Door Set SAO-3DB12/3VDB12,24.22159871,195,UBX-3DB12,Cabinet Box for 3DB12,82.85,462
SAO-3DB15,"Slim Aston Green - Drawer Base Cabinet - 15""W x  34-1/2""H x 24""D - 3DRW",739,SAO-DS-3DB15/3VDB15,Door Set SAO-3DB15/3VDB15,28.60310325,225,UBX-3DB15,Cabinet Box for 3DB15,87.66,514
SAO-3DB18,"Slim Aston Green - Drawer Base Cabinet - 18""W x  34-1/2""H x 24""D - 3DRW",769,SAO-DS-3DB18/3VDB18,Door Set SAO-3DB18/3VDB18,32.98460779,234,UBX-3DB18,Cabinet Box for 3DB18,92.48,535
SAO-3DB21,"Slim Aston Green - Drawer Base Cabinet - 21""W x  34-1/2""H x 24""D - 3DRW",816,SAO-DS-3DB21/3VDB21,Door Set SAO-3DB21/3VDB21,37.36611234,279,UBX-3DB21,Cabinet Box for 3DB21,97.29,537
SAO-3DB24,"Slim Aston Green - Drawer Base Cabinet - 24""W x  34-1/2""H x 24""D - 3DRW",864,SAO-DS-3DB24/3VDB24,Door Set SAO-3DB24/3VDB24,41.80526826,313,UBX-3DB24,Cabinet Box for 3DB24,102.17,551
SAO-3DB27,"Slim Aston Green - Drawer Base Cabinet - 27""W x  34-1/2""H x 24""D - 3DRW",902,SAO-DS-3DB27,Door Set SAO-3DB27,46.1867728,295,UBX-3DB27,Cabinet Box for 3DB27,107.51,607
SAO-3DB30,"Slim Aston Green - Drawer Base Cabinet - 30""W x  34-1/2""H x 24""D - 3DRW",971,SAO-DS-3DB30,Door Set SAO-3DB30,50.56827734,326,UBX-3DB30,Cabinet Box for 3DB30,112.84,645
SAO-3DB33,"Slim Aston Green - Drawer Base Cabinet - 33""W x  34-1/2""H x 24""D - 3DRW",1030,SAO-DS-3DB33,Door Set SAO-3DB33,54.94978189,367,UBX-3DB33,Cabinet Box for 3DB33,118.18,663
SAO-3DB36,"Slim Aston Green - Drawer Base Cabinet - 36""W x  34-1/2""H x 24""D - 3DRW",1056,SAO-DS-3DB36,Door Set SAO-3DB36,59.33128643,359,UBX-3DB36,Cabinet Box for 3DB36,123.51,697
SAO-B12,"Slim Aston Green - Base Cabinet - 12""W x 34-1/2""H x 24""D - 1D, 1Drw, 1S",437,SAO-DS-B12,Door Set SAO-B12,24.51283355,173,UBX-B12,Cabinet Box for B12,41.89,264
SAO-B15,"Slim Aston Green - Base Cabinet - 15""W x 34-1/2""H x 24""D - 1D, 1Drw, 1S",482,SAO-DS-B15,Door Set SAO-B15,28.41850203,190,UBX-B15,Cabinet Box for B15,44.61,292
SAO-B18,"Slim Aston Green - Base Cabinet - 18""W x 34-1/2""H x 24""D - 1D, 1Drw, 1S",532,SAO-DS-B18,Door Set SAO-B18,32.32417051,224,UBX-B18,Cabinet Box for B18,47.34,308
SAO-B21,"Slim Aston Green - Base Cabinet - 21""W x 34-1/2""H x 24""D - 1D, 1Drw, 1S",571,SAO-DS-B21,Door Set SAO-B21,36.229839,237,UBX-B21,Cabinet Box for B21,50.07,334
SAO-B24,"Slim Aston Green - Base Cabinet - 24""W x 34-1/2""H x 24""D - 2D, 1Drw, 1S",640,SAO-DS-B24,Door Set SAO-B24,43.94632232,298,UBX-B24,Cabinet Box for B24,52.66,342
SAO-B27,"Slim Aston Green - Base Cabinet - 27""W x 34-1/2""H x 24""D - 2D, 1Drw, 1S",702,SAO-DS-B27,Door Set SAO-B27,47.8519908,325,UBX-B27,Cabinet Box for B27,55.83,377
SAO-B30,"Slim Aston Green - Base Cabinet - 30""W x 34-1/2""H x 24""D - 2D, 2Drw, 1S",817,SAO-DS-B30,Door Set SAO-B30,52.84093231,348,UBX-B30,Cabinet Box for B30,72.21,469
SAO-B33,"Slim Aston Green - Base Cabinet - 33""W x 34-1/2""H x 24""D - 2D, 2Drw, 1S",864,SAO-DS-B33,Door Set SAO-B33,56.74660079,375,UBX-B33,Cabinet Box for B33,75.4,489
SAO-B36,"Slim Aston Green - Base Cabinet - 36""W x 34-1/2""H x 24""D - 2D, 2Drw, 1S",909,SAO-DS-B36,Door Set SAO-B36,60.65226927,390,UBX-B36,Cabinet Box for B36,78.6,519
SAO-B42,"Slim Aston Green - Base Cabinet - 42""W x 34-1/2""H x 24""D - 2D, 2Drw, 1S",993,SAO-DS-B42,Door Set SAO-B42,68.5149966,454,UBX-B42,Cabinet Box for B42,84.86,539
SAO-BBC36,"Slim Aston Green - Blind Base Corner Cabinet - 33""W x 34-1/2""H x 24""D  -1D, 1Drw, 1S *Install range 37"" min., 40"" max; Specify Left-hinge or Right Hinge assembly",575,SAO-DS-BBC36,Door Set SAO-BBC36,43.94204826,261,UBX-BBC36,Cabinet Box for BBC36,54.19,314
SAO-BBC39,"Slim Aston Green - Blind Base Corner Cabinet - 36""W x 34-1/2""H x 24""D  -1D, 1Drw, 1S *Install range 40"" min., 43"" max; Specify Left-hinge or Right Hinge assembly",696,SAO-DS-BBC39,Door Set SAO-BBC39,46.3538457,318,UBX-BBC39,Cabinet Box for BBC39,55.52,378
SAO-BBC42,"Slim Aston Green - Blind Base Corner Cabinet - 39""W x 34-1/2""H x 24""D   -1D, 1Drw, 1S *Install range 43"" min., 46"" max; Specify Left-hinge or Right Hinge assembly",800,SAO-DS-BBC42,Door Set SAO-BBC42,48.79737733,376,UBX-BBC42,Cabinet Box for BBC42,56.64,424
SAO-BFH12,"Slim Aston Green - Base Cabinet - Full Height Door-12""W x 34-1/2""H x 24""D - 1D, 1S",333,SAO-DS-BFH12,Door Set SAO-BFH12,22.94753274,153,UBX-BFH12,Cabinet Box for BFH12,26.87,180
SAO-BFH15,"Slim Aston Green - Base Cabinet - Full Height Door-15""W x 34-1/2""H x 24""D - 1D, 1S",370,SAO-DS-BFH15,Door Set SAO-BFH15,26.37736516,176,UBX-BFH15,Cabinet Box for BFH15,28.89,194
SAO-BFH18,"Slim Aston Green - Base Cabinet - Full Height Door-18""W x 34-1/2""H x 24""D - 1D, 1S",407,SAO-DS-BFH18,Door Set SAO-BFH18,29.80719758,201,UBX-BFH18,Cabinet Box for BFH18,30.91,206
SAO-BFH21,"Slim Aston Green - Base Cabinet - Full Height Door-21""W x 34-1/2""H x 24""D - 1D, 1S",443,SAO-DS-BFH21,Door Set SAO-BFH21,33.23703,221,UBX-BFH21,Cabinet Box for BFH21,32.93,222
SAO-BFH24,"Slim Aston Green - Base Cabinet - Full Height Door-24""W x 34-1/2""H x 24""D - 2D, 1S",505,SAO-DS-BFH24,Door Set SAO-BFH24,41.04277181,273,UBX-BFH24,Cabinet Box for BFH24,34.88,232
SAO-BFH27,"Slim Aston Green - Base Cabinet - Full Height Door-27""W x 34-1/2""H x 24""D - 2D, 1S",545,SAO-DS-BFH27,Door Set SAO-BFH27,44.47260423,297,UBX-BFH27,Cabinet Box for BFH27,37.34,248
SAO-BFH30,"Slim Aston Green - Base Cabinet - Full Height Door-30""W x 34-1/2""H x 24""D - 2D, 1S",586,SAO-DS-BFH30,Door Set SAO-BFH30,47.90243665,324,UBX-BFH30,Cabinet Box for BFH30,39.79,262
SAO-BFH33,"Slim Aston Green - Base Cabinet - Full Height Door-33""W x 34-1/2""H x 24""D - 2D, 1S",626,SAO-DS-BFH33,Door Set SAO-BFH33,51.33226907,341,UBX-BFH33,Cabinet Box for BFH33,42.25,285
SAO-BFH36,"Slim Aston Green - Base Cabinet - Full Height Door-36""W x 34-1/2""H x 24""D - 2D, 1S",666,SAO-DS-BFH36,Door Set SAO-BFH36,54.76210149,369,UBX-BFH36,Cabinet Box for BFH36,44.71,297
SAO-BT09,"Slim Aston Green - Base Cabinet - 9""W x 34-1/2""H x 24""D - 1D",332,SAO-DS-BT09,Door Set SAO-BT09,19.51770032,141,UBX-BT09,Cabinet Box for BT09,24.84,191
SAO-BWB18,"Slim Aston Green - Base Waste Basket - 18"" x 34 1/2 x 24",701,SAO-DS-BWB18,Door Set SAO-BWB18,30.46763486,229,UBX-BWB18,Cabinet Box for BWB18,70.51,472
SAO-ERB33,"Slim Aston Green - Easy Reach Base Cabinet - 33""W x 34-1/2""H - 1D",737,SAO-DS-ERB33,Door Set SAO-ERB33,33.61912164,303,UBX-ERB33,Cabinet Box for ERB33,58.7,434
SAO-ERB36,"Slim Aston Green - Easy Reach Base Cabinet - 36""W x 34-1/2""H - 1D",817,SAO-DS-ERB36,Door Set SAO-ERB36,41.20708443,339,UBX-ERB36,Cabinet Box for ERB36,64.47,478
SAO-FSB36,"Slim Aston Green - Farm Sink Base - 36""W X 34-1/2""H X 24""D",693,SAO-DS-FSB36,Door Set SAO-FSB36,48.10415754,414,UBX-SB36/FSB36,Cabinet Box for SB36/FSB36,36.51,279
SAO-MB30,"Slim Aston Green - Microwave Base Cabinet - 30""W x 34-1/2""H x 24""D -1DRW",769,SAO-DS-MB30,Door Set SAO-MB30,26.53675735,242,UBX-MB30,Cabinet Box for MB30,67.67,527
SAO-MB33,"Slim Aston Green - Microwave Base Cabinet - 33""W x 34-1/2""H x 24""D -1DRW",822,SAO-DS-MB33,Door Set SAO-MB33,28.61594285,268,UBX-MB33,Cabinet Box for MB33,71.38,554
SAO-SB30,"Slim Aston Green - Sink Base - 30""W x 34-1/2""H x 24""D - 1 False Drawer",599,SAO-DS-SB30/VS30,Door Set SAO-SB30/VS30,52.84093231,355,UBX-SB30,Cabinet Box for SB30,33.1,244
SAO-SB33,"Slim Aston Green - Sink Base - 33""W x 34-1/2""H x 24""D - 2 False Drawers",640,SAO-DS-SB33/VS33,Door Set SAO-SB33/VS33,56.74660079,381,UBX-SB33,Cabinet Box for SB33,34.8,259
SAO-SB36,"Slim Aston Green - Sink Base - 36""W x 34-1/2""H x 24""D - 2 False Drawers",693,SAO-DS-SB36/VS36,Door Set SAO-SB36/VS36,60.65226927,414,UBX-SB36/FSB36,Cabinet Box for SB36/FSB36,36.51,279
SAO-DCW2412GD,"Slim Aston Green - Wall Diagonal Glass Door Corner Cabinet - 24""W x 12""H x 12""D - 1D",268,SAO-DS-DCW2412GD,Door Set SAO-DCW2412GD,22.6031596,123,UBX-DCW2412,Cabinet Box for DCW2412,22.24,145
SAO-DCW2415GD,"Slim Aston Green - Wall Diagonal Glass Door Corner Cabinet - 24""W x 15""H x 12""D - 1D",287,SAO-DS-DCW2415GD,Door Set SAO-DCW2415GD,25.77660172,137,UBX-DCW2415,Cabinet Box for DCW2415,24.34,150
SAO-DCW2418GD,"Slim Aston Green - Wall Diagonal Glass Door Corner Cabinet - 24""W x 18""H x 12""D - 1D",316,SAO-DS-DCW2418GD,Door Set SAO-DCW2418GD,28.95004385,153,UBX-DCW2418,Cabinet Box for DCW2418,26.45,163
SAO-DCW2430,"Slim Aston Green - Wall Diagonal Corner Cabinet - 24""W x 30""H x 12""D - 1D -2S",576,SAO-DS-DCW2430,Door Set SAO-DCW2430,32.30700133,239,UBX-DCW2430,Cabinet Box for DCW2430,47.14,337
SAO-DCW2436,"Slim Aston Green - Wall Diagonal Corner Cabinet - 24""W x 36""H x 12""D - 1D- 2S",656,SAO-DS-DCW2436,Door Set SAO-DCW2436,37.37329627,282,UBX-DCW2436,Cabinet Box for DCW2436,51.35,374
SAO-DCW2442,"Slim Aston Green - Wall Diagonal Corner Cabinet - 24""W x 42""H x 12""D - 1D -3S",789,SAO-DS-DCW2442,Door Set SAO-DCW2442,43.40118993,350,UBX-DCW2442,Cabinet Box for DCW2442,62.4,439
SAO-W0930,"Slim Aston Green - Wall Cabinet - 09""W x 30""H x 12""D - 1D -2S",229,SAO-DS-W0930,Door Set SAO-W0930,19.7795136,126,UBX-W0930,Cabinet Box for W0930,15.42,103
SAO-W0936,"Slim Aston Green - Wall Cabinet - 09""W x 36""H x 12""D - 1D -2S",255,SAO-DS-W0936,Door Set SAO-W0936,22.90480317,144,UBX-W0936,Cabinet Box for W0936,17.27,111
SAO-W0942,"Slim Aston Green - Wall Cabinet - 09""W x 42""H x 12""D - 1D - 3S",288,SAO-DS-W0942,Door Set SAO-W0942,26.97892167,158,UBX-W0942,Cabinet Box for W0942,20.31,130
SAO-W1212GD,"Slim Aston Green - Wall Glass Door Cabinet - 12""W x 12""H x 12""D - 1D",124,SAO-DS-W1212GD,Door Set SAO-W1212GD,15.97732129,67,UBX-W1212,Cabinet Box for W1212,8.48,57
SAO-W1215GD,"Slim Aston Green - Wall Glass Door Cabinet - 12""W x 15""H x 12""D - 1D",135,SAO-DS-W1215GD,Door Set SAO-W1215GD,18.47813599,76,UBX-W1215,Cabinet Box for W1215,9.47,59
SAO-W1218GD,"Slim Aston Green - Wall Glass Door Cabinet - 12""W x 18""H x 12""D - 1D",152,SAO-DS-W1218GD,Door Set SAO-W1218GD,20.9789507,86,UBX-W1218,Cabinet Box for W1218,10.46,66
SAO-W1230,"Slim Aston Green - Wall Cabinet - 12""W x 30""H x 12""D - 1D -2S",258,SAO-DS-W1230,Door Set SAO-W1230,23.28031722,143,UBX-W1230,Cabinet Box for W1230,17.3,115
SAO-W1236,"Slim Aston Green - Wall Cabinet - 12""W x 36""H x 12""D - 1D -2S",296,SAO-DS-W1236,Door Set SAO-W1236,26.96806448,166,UBX-W1236,Cabinet Box for W1236,19.28,130
SAO-W1242,"Slim Aston Green - Wall Cabinet - 12""W x 42""H x 12""D - 1D - 3S",343,SAO-DS-W1242,Door Set SAO-W1242,31.60834107,193,UBX-W1242,Cabinet Box for W1242,22.81,150
SAO-W1512GD,"Slim Aston Green - Wall Glass Door Cabinet - 15""W x 12""H x 12""D - 1D",139,SAO-DS-W1512GD,Door Set SAO-W1512GD,18.44647176,76,UBX-W1512,Cabinet Box for W1512,9.49,63
SAO-W1515GD,"Slim Aston Green - Wall Glass Door Cabinet - 15""W x 15""H x 12""D - 1D",154,SAO-DS-W1515GD,Door Set SAO-W1515GD,21.21505651,87,UBX-W1515,Cabinet Box for W1515,10.58,67
SAO-W1518GD,"Slim Aston Green - Wall Glass Door Cabinet - 15""W x 18""H x 12""D - 1D",172,SAO-DS-W1518GD,Door Set SAO-W1518GD,23.98364125,98,UBX-W1518,Cabinet Box for W1518,11.66,74
SAO-W1530,"Slim Aston Green - Wall Cabinet - 15""W x 30""H x 12""D - 1D -2S",299,SAO-DS-W1530,Door Set SAO-W1530,26.78112084,166,UBX-W1530,Cabinet Box for W1530,19.61,133
SAO-W1536,"Slim Aston Green - Wall Cabinet - 15""W x 36""H x 12""D - 1D -2S",328,SAO-DS-W1536,Door Set SAO-W1536,31.0313258,178,UBX-W1536,Cabinet Box for W1536,21.78,150
SAO-W1542,"Slim Aston Green - Wall Cabinet - 15""W x 42""H x 12""D - 1D - 3S",395,SAO-DS-W1542,Door Set SAO-W1542,36.23776046,218,UBX-W1542,Cabinet Box for W1542,25.86,177
SAO-W1812GD,"Slim Aston Green - Wall Glass Door Cabinet - 18""W x 12""H x 12""D - 1D",156,SAO-DS-W1812GD,Door Set SAO-W1812GD,20.91562224,84,UBX-W1812,Cabinet Box for W1812,10.5,72
SAO-W1815GD,"Slim Aston Green - Wall Glass Door Cabinet - 18""W x 15""H x 12""D - 1D",172,SAO-DS-W1815GD,Door Set SAO-W1815GD,23.95197703,98,UBX-W1815,Cabinet Box for W1815,11.68,74
SAO-W1818GD,"Slim Aston Green - Wall Glass Door Cabinet - 18""W x 18""H x 12""D - 1D",194,SAO-DS-W1818GD,Door Set SAO-W1818GD,26.98833181,112,UBX-W1818,Cabinet Box for W1818,12.87,82
SAO-W1830,"Slim Aston Green - Wall Cabinet - 18""W x 30""H x 12""D - 1D - 2S",333,SAO-DS-W1830,Door Set SAO-W1830,30.28192446,178,UBX-W1830,Cabinet Box for W1830,21.92,155
SAO-W1836,"Slim Aston Green - Wall Cabinet - 18""W x 36""H x 12""D - 1D -2S",378,SAO-DS-W1836,Door Set SAO-W1836,35.09458712,202,UBX-W1836,Cabinet Box for W1836,24.29,176
SAO-W1842,"Slim Aston Green - Wall Cabinet - 18""W x 42""H x 12""D - 1D -3S",450,SAO-DS-W1842,Door Set SAO-W1842,40.86717986,248,UBX-W1842,Cabinet Box for W1842,28.92,202
SAO-W2112GD,"Slim Aston Green - Wall Glass Door Cabinet - 21""W x 12""H x 12""D - 1D",171,SAO-DS-W2112GD,Door Set SAO-W2112GD,23.38477272,92,UBX-W2112,Cabinet Box for W2112,11.51,79
SAO-W2115GD,"Slim Aston Green - Wall Glass Door Cabinet - 21""W x 15""H x 12""D - 1D",192,SAO-DS-W2115GD,Door Set SAO-W2115GD,26.68889754,111,UBX-W2115,Cabinet Box for W2115,12.79,81
SAO-W2118GD,"Slim Aston Green - Wall Glass Door Cabinet - 21""W x 18""H x 12""D - 1D",214,SAO-DS-W2118GD,Door Set SAO-W2118GD,29.99302237,125,UBX-W2118,Cabinet Box for W2118,14.07,89
SAO-W2130,"Slim Aston Green - Wall Cabinet - 21""W x 30""H x 12""D - 1D -2S",362,SAO-DS-W2130,Door Set SAO-W2130,33.78272808,192,UBX-W2130,Cabinet Box for W2130,24.22,170
SAO-W2136,"Slim Aston Green - Wall Cabinet - 21""W x 36""H x 12""D - 1D -2S",427,SAO-DS-W2136,Door Set SAO-W2136,39.15784844,230,UBX-W2136,Cabinet Box for W2136,26.79,197
SAO-W2142,"Slim Aston Green - Wall Cabinet - 21""W x 42""H x 12""D - 1D -3S",502,SAO-DS-W2142,Door Set SAO-W2142,45.49659925,279,UBX-W2142,Cabinet Box for W2142,31.97,223
SAO-W2412GD,"Slim Aston Green - Wall Glass Door Cabinet - 24""W x 12""H x 12""D - 2D",208,SAO-DS-W2412GD,Door Set SAO-W2412GD,29.85897839,120,UBX-W2412,Cabinet Box for W2412,12.79,88
SAO-W2415GD,"Slim Aston Green - Wall Glass Door Cabinet - 24""W x 15""H x 12""D - 2D",228,SAO-DS-W2415GD,Door Set SAO-W2415GD,34.40657257,139,UBX-W2415,Cabinet Box for W2415,14.14,89
SAO-W2418,"Slim Aston Green - Wall Cabinet - 21""W x 18""H x 12""D - 1D",343,SAO-DS-W2418,Door Set SAO-W2418,28.67416374,223,UBX-W2418,Cabinet Box for W2418,15.49,120
SAO-W2418GD,"Slim Aston Green - Wall Glass Door Cabinet - 24""W x 18""H x 12""D - 2D",255,SAO-DS-W2418GD,Door Set SAO-W2418GD,38.95416676,135,UBX-W2418,Cabinet Box for W2418,15.49,120
SAO-W2430,"Slim Aston Green - Wall Cabinet - 24""W x 30""H x 12""D - 2D -2S",450,SAO-DS-W2430,Door Set SAO-W2430,41.65866762,266,UBX-W2430/WBC2430,Cabinet Box for W2430/WBC2430,26.63,184
SAO-W2436,"Slim Aston Green - Wall Cabinet - 24""W x 36""H x 12""D - 2D -2S",485,SAO-DS-W2436,Door Set SAO-W2436,48.12963349,274,UBX-W2436,Cabinet Box for W2436,29.33,211
SAO-W2442,"Slim Aston Green - Wall Cabinet - 24""W x 42""H x 12""D - 2D -3S",566,SAO-DS-W2442,Door Set SAO-W2442,56.49970716,319,UBX-W2442/WBC2442,Cabinet Box for W2442/WBC2442,35.11,247
SAO-W2712GD,"Slim Aston Green - Wall Glass Door Cabinet - 27""W x 12""H x 12""D - 2D",223,SAO-DS-W2712GD,Door Set SAO-W2712GD,32.32812886,127,UBX-W2712,Cabinet Box for W2712,13.8,96
SAO-W2715GD,"Slim Aston Green - Wall Glass Door Cabinet - 27""W x 15""H x 12""D - 2D",247,SAO-DS-W2715GD,Door Set SAO-W2715GD,37.14349309,151,UBX-W2715,Cabinet Box for W2715,15.25,96
SAO-W2718GD,"Slim Aston Green - Wall Glass Door Cabinet - 27""W x 18""H x 12""D - 2D",276,SAO-DS-W2718GD,Door Set SAO-W2718GD,41.95885732,171,UBX-W2718,Cabinet Box for W2718,16.69,105
SAO-W2730,"Slim Aston Green - Wall Cabinet - 27""W x 30""H x 12""D - 2D -2S",481,SAO-DS-W2730,Door Set SAO-W2730,45.15947124,279,UBX-W2730/WBC2730,Cabinet Box for W2730/WBC2730,28.94,202
SAO-W2736,"Slim Aston Green - Wall Cabinet - 27""W x 36""H x 12""D - 2D -2S",521,SAO-DS-W2736,Door Set SAO-W2736,52.19289481,292,UBX-W2736/WBC2736,Cabinet Box for W2736/WBC2736,31.84,229
SAO-W2742,"Slim Aston Green - Wall Cabinet - 27""W x 42""H x 12""D - 2D -3S",617,SAO-DS-W2742,Door Set SAO-W2742,61.12912655,360,UBX-W2742/WBC2742,Cabinet Box for W2742/WBC2742,38.17,257
SAO-W3012,"Slim Aston Green - Wall Cabinet - 30""W x 12""H x 12""D - 2D",310,SAO-DS-W3012/W301224,Door Set SAO-W3012/W301224,25.82265816,197,UBX-W3012,Cabinet Box for W3012,14.81,113
SAO-W301224,"Slim Aston Green - Wall Refrigerator Cabinet-30""W x 12""H x 24""D - 2D",381,SAO-DS-W3012/W301224,Door Set SAO-W3012/W301224,25.82265816,197,UBX-W301224,Cabinet Box for W301224,25.4,184
SAO-W3012GD,"Slim Aston Green - Wall Glass Door Cabinet - 30""W x 12""H x 12""D - 2D",319,SAO-DS-W3012GD,Door Set SAO-W3012GD,34.79727934,206,UBX-W3012,Cabinet Box for W3012,14.81,113
SAO-W3015,"Slim Aston Green - Wall Cabinet - 30""W x 15""H x 12""D - 2D",346,SAO-DS-W3015/W301524,Door Set SAO-W3015/W301524,29.6205988,221,UBX-W3015,Cabinet Box for W3015,16.35,125
SAO-W301524,"Slim Aston Green - Wall Refrigerator Cabinet - 30""W x 15""H x 24""D - 2D",413,SAO-DS-W3015/W301524,Door Set SAO-W3015/W301524,29.6205988,221,UBX-W301524,Cabinet Box for W301524,27.21,192
SAO-W3015GD,"Slim Aston Green - Wall Glass Door Cabinet - 30""W x 15""H x 12""D - 2D",265,SAO-DS-W3015GD,Door Set SAO-W3015GD,39.88041361,140,UBX-W3015,Cabinet Box for W3015,16.35,125
SAO-W3018,"Slim Aston Green - Wall Cabinet - 30""W x 18""H x 12""D - 2D",379,SAO-DS-W3018/W301824,Door Set SAO-W3018/W301824,33.41853943,243,UBX-W3018,Cabinet Box for W3018,17.9,136
SAO-W301824,"Slim Aston Green - Wall Refrigerator Cabinet - 30""W x 18""H x 24""D - 2D",459,SAO-DS-W3018/W301824,Door Set SAO-W3018/W301824,33.41853943,243,UBX-W301824,Cabinet Box for W301824,29.02,216
SAO-W3018GD,"Slim Aston Green - Wall Glass Door Cabinet - 30""W x 18""H x 12""D - 2D",402,SAO-DS-W3018GD,Door Set SAO-W3018GD,44.96354788,266,UBX-W3018,Cabinet Box for W3018,17.9,136
SAO-W3024,"Slim Aston Green - Wall Cabinet - 30""W x 24""H x 12""D - 2D - 1S",456,SAO-DS-W3024/W302424,Door Set SAO-W3024/W302424,41.0643936,281,UBX-W3024,Cabinet Box for W3024,24.58,175
SAO-W302424,"Slim Aston Green - Wall Refrigerator Cabinet - 30""W x 24""H x 24""D - 2D -1S",553,SAO-DS-W3024/W302424,Door Set SAO-W3024/W302424,41.0643936,281,UBX-W302424,Cabinet Box for W302424,40.13,272
SAO-W3030,"Slim Aston Green - Wall Cabinet - 30""W x 30""H x 12""D - 2D -2S",538,SAO-DS-W3030,Door Set SAO-W3030,48.66027486,313,UBX-W3030,Cabinet Box for W3030,31.25,225
SAO-W3036,"Slim Aston Green - Wall Cabinet - 30""W x 36""H x 12""D - 2D -2S",599,SAO-DS-W3036,Door Set SAO-W3036,56.25615612,347,UBX-W3036,Cabinet Box for W3036,34.34,252
SAO-W3042,"Slim Aston Green - Wall Cabinet - 30""W x 42""H x 12""D - 2D -3S",711,SAO-DS-W3042,Door Set SAO-W3042,65.75854594,416,UBX-W3042,Cabinet Box for W3042,41.22,295
SAO-W3312,"Slim Aston Green - Wall Cabinet - 33""W x 12""H x 12""D - 2D",324,SAO-DS-W3312/W331224,Door Set SAO-W3312/W331224,27.63238831,206,UBX-W3312,Cabinet Box for W3312,15.82,118
SAO-W331224,"Slim Aston Green - Wall Refrigerator Cabinet-33""W x 12""H x 24""D - 2D",401,SAO-DS-W3312/W331224,Door Set SAO-W3312/W331224,27.63238831,206,UBX-W331224,Cabinet Box for W331224,27.18,195
SAO-W3312GD,"Slim Aston Green - Wall Glass Door Cabinet - 33""W x 12""H x 12""D - 2D",342,SAO-DS-W3312GD,Door Set SAO-W3312GD,37.26642982,224,UBX-W3312,Cabinet Box for W3312,15.82,118
SAO-W3315,"Slim Aston Green - Wall Cabinet - 33""W x 15""H x 12""D - 2D",336,SAO-DS-W3315/W331524,Door Set SAO-W3315/W331524,31.71155779,227,UBX-W3315,Cabinet Box for W3315,17.46,129
SAO-W331524,"Slim Aston Green - Wall Refrigerator Cabinet - 33""W x 15""H x 24""D -2D",434,SAO-DS-W3315/W331524,Door Set SAO-W3315/W331524,31.71155779,227,UBX-W331524,Cabinet Box for W331524,29.06,207
SAO-W3315GD,"Slim Aston Green - Wall Glass Door Cabinet - 33""W x 15""H x 12""D - 2D",285,SAO-DS-W3315GD,Door Set SAO-W3315GD,42.61733412,156,UBX-W3315,Cabinet Box for W3315,17.46,129
SAO-W3318,"Slim Aston Green - Wall Cabinet - 33""W x 18""H x 12""D - 2D",362,SAO-DS-W3318/W331824,Door Set SAO-W3318/W331824,35.79072727,249,UBX-W3318,Cabinet Box for W3318,19.1,140
SAO-W331824,"Slim Aston Green - Wall Refrigerator Cabinet - 33""W x 18""H x 24""D -2D",471,SAO-DS-W3318/W331824,Door Set SAO-W3318/W331824,35.79072727,249,UBX-W331824,Cabinet Box for W331824,30.93,222
SAO-W3318GD,"Slim Aston Green - Wall Glass Door Cabinet - 33""W x 18""H x 12""D - 2D",317,SAO-DS-W3318GD,Door Set SAO-W3318GD,47.96823843,177,UBX-W3318,Cabinet Box for W3318,19.1,140
SAO-W3324,"Slim Aston Green - Wall Cabinet - 33""W x 24""H x 12""D - 2D - 1S",453,SAO-DS-W3324/W332424,Door Set SAO-W3324/W332424,44.00273952,273,UBX-W3324,Cabinet Box for W3324,26.34,180
SAO-W332424,"Slim Aston Green - Wall Refrigerator Cabinet -33""W x 24""H x 24""D-2D -1S",601,SAO-DS-W3324/W332424,Door Set SAO-W3324/W332424,44.00273952,273,UBX-W332424,Cabinet Box for W332424,42.93,309
SAO-W3330,"Slim Aston Green - Wall Cabinet - 33""W x 30""H x 12""D - 2D -2S",573,SAO-DS-W3330,Door Set SAO-W3330,52.16107848,335,UBX-W3330,Cabinet Box for W3330,33.56,238
SAO-W3336,"Slim Aston Green - Wall Cabinet - 33""W x 36""H x 12""D - 2D -2S",654,SAO-DS-W3336,Door Set SAO-W3336,60.31941744,380,UBX-W3336,Cabinet Box for W3336,36.84,274
SAO-W3342,"Slim Aston Green - Wall Cabinet - 33""W x 42""H x 12""D - 2D -3S",756,SAO-DS-W3342,Door Set SAO-W3342,70.38796534,440,UBX-W3342,Cabinet Box for W3342,44.27,316
SAO-W3612,"Slim Aston Green - Wall Cabinet - 36""W x 12""H x 12""D - 2D",344,SAO-DS-W3612/W361224,Door Set SAO-W3612/W361224,29.44211846,218,UBX-W3612,Cabinet Box for W3612,16.83,126
SAO-W361224,"Slim Aston Green - Wall Cabinet - 36""W x 12""H x 24""D - 2D",422,SAO-DS-W3612/W361224,Door Set SAO-W3612/W361224,29.44211846,218,UBX-W361224,Cabinet Box for W361224,28.96,204
SAO-W3612GD,"Slim Aston Green - Wall Glass Door Cabinet - 36""W x 12""H x 12""D - 2D",362,SAO-DS-W3612GD,Door Set SAO-W3612GD,39.73558029,236,UBX-W3612,Cabinet Box for W3612,16.83,126
SAO-W3615,"Slim Aston Green - Wall Cabinet - 36""W x 15""H x 12""D - 2D",377,SAO-DS-W3615/W361524,Door Set SAO-W3615/W361524,33.80251679,244,UBX-W3615,Cabinet Box for W3615,18.57,133
SAO-W361524,"Slim Aston Green - Wall Refrigerator Cabinet - 36""W x 15""H x 24""D - 2D",458,SAO-DS-W3615/W361524,Door Set SAO-W3615/W361524,33.80251679,244,UBX-W361524,Cabinet Box for W361524,30.9,214
SAO-W3615GD,"Slim Aston Green - Wall Glass Door Cabinet - 36""W x 15""H x 12""D - 2D",303,SAO-DS-W3615GD,Door Set SAO-W3615GD,45.35425464,170,UBX-W3615,Cabinet Box for W3615,18.57,133
SAO-W3618,"Slim Aston Green - Wall Cabinet - 36""W x 18""H x 12""D - 2D",402,SAO-DS-W3618/W361824,Door Set SAO-W3618/W361824,38.16291512,255,UBX-W3618,Cabinet Box for W3618,20.31,147
SAO-W361824,"Slim Aston Green - Wall Refrigerator Cabinet - 36""W x 18""H x 24""D - 2D",481,SAO-DS-W3618/W361824,Door Set SAO-W3618/W361824,38.16291512,255,UBX-W361824,Cabinet Box for W361824,32.84,226
SAO-W3618GD,"Slim Aston Green - Wall Glass Door Cabinet - 36""W x 18""H x 12""D - 2D",497,SAO-DS-W3618GD,Door Set SAO-W3618GD,50.97292899,350,UBX-W3618,Cabinet Box for W3618,20.31,147
SAO-W3624,"Slim Aston Green - Wall Cabinet - 36""W x 24""H x 12""D - 2D - 1S",538,SAO-DS-W3624/W362424,Door Set SAO-W3624/W362424,46.94108544,331,UBX-W3624,Cabinet Box for W3624,28.1,207
SAO-W362424,"Slim Aston Green - Wall Refrigerator Cabinet - 36""W x 24""H x 24""D - 2D -1S",643,SAO-DS-W3624/W362424,Door Set SAO-W3624/W362424,46.94108544,331,UBX-W362424,Cabinet Box for W362424,45.73,312
SAO-W3630,"Slim Aston Green - Wall Cabinet - 36""W x 30""H x 12""D - 2D -2S",611,SAO-DS-W3630,Door Set SAO-W3630,55.6618821,351,UBX-W3630/WBC3630,Cabinet Box for W3630,35.86,260
SAO-W3636,"Slim Aston Green - Wall Cabinet - 36""W x 36""H x 12""D - 2D -2S",695,SAO-DS-W3636,Door Set SAO-W3636,64.38267876,401,UBX-W3636,Cabinet Box for W3636,39.34,294
SAO-W3642,"Slim Aston Green - Wall Cabinet - 36""W x 42""H x 12""D - 2D -3S",803,SAO-DS-W3642,Door Set SAO-W3642,75.01738473,462,UBX-W3642/WBC3642,Cabinet Box for W3642,47.33,341
SAO-W3930,"Slim Aston Green - Wall Cabinet - 39""W x 30""H x 12""D - 2D -2S",647,SAO-DS-W3930,Door Set SAO-W3930,59.20874892,376,UBX-W3930,Cabinet Box for W3930,38.2,271
SAO-WBC2730,"Slim Aston Green - Wall Blind Corner Cabinet - 27""W x 30""H x 12""D - 1D -2S",408,SAO-DS-WBC2730,Door Set SAO-WBC2730,38.05043877,206,UBX-W2730/WBC2730,Cabinet Box for W2730/WBC2730,28.94,202
SAO-WBC2736,"Slim Aston Green - Wall Blind Corner Cabinet - 27""W x 36""H x 12""D - 1D -2S",465,SAO-DS-WBC2736,Door Set SAO-WBC2736,44.39939616,236,UBX-W2736/WBC2736,Cabinet Box for W2736/WBC2736,31.84,229
SAO-WBC2742,"Slim Aston Green - Wall Blind Corner Cabinet - 27""W x 42""H x 12""D - 1D -3S",546,SAO-DS-WBC2742,Door Set SAO-WBC2742,50.79012301,289,UBX-W2742/WBC2742,Cabinet Box for W2742/WBC2742,38.17,257
SAO-WD1848,"Slim Aston Green - Wall With Drawer Cabinet-18""W x 48""H x 12""D- 1D, 2 DRW -2S",630,SAO-DS-WD1848,Door Set SAO-WD1848,49.79034107,253,UBX-WD1848,Cabinet Box for WD1848,75.95,377
SAO-WD1854,"Slim Aston Green - Wall With Drawer Cabinet-18""W x 54""H x 12""D- 1D, 2 DRW -2S",691,SAO-DS-WD1854,Door Set SAO-WD1854,54.63466598,285,UBX-WD1854,Cabinet Box for WD1854,78.33,406
SAO-WD1860,"Slim Aston Green - Wall With Drawer Cabinet-18""W x 60""H x 12""D- 1D, 2 DRW -3S",745,SAO-DS-WD1860,Door Set SAO-WD1860,59.44732864,315,UBX-WD1860,Cabinet Box for WD1860,80.7,430
SAO-WER2412GD,"Slim Aston Green - Easy Reach Wall Glass Door Cabinet - 24""W x 12""H x 12 ""D",309,SAO-DS-WER2412GD,Door Set SAO-WER2412GD,29.33634277,146,UBX-WER2412,Cabinet Box for WER2412,26.39,163
SAO-WER2415GD,"Slim Aston Green - Easy Reach Wall Glass Door Cabinet - 24""W x 15""H x 12 ""D",345,SAO-DS-WER2415GD,Door Set SAO-WER2415GD,33.19913349,162,UBX-WER2415,Cabinet Box for WER2415,29.73,183
SAO-WER2418GD,"Slim Aston Green - Easy Reach Wall Glass Door Cabinet - 24""W x 18""H x 12 ""D",381,SAO-DS-WER2418GD,Door Set SAO-WER2418GD,37.0619242,178,UBX-WER2418,Cabinet Box for WER2418,33.07,203
SAO-WER2430,"Slim Aston Green - Easy Reach Wall Cabinet - 24""W x 30""H x 12""D -2S",584,SAO-DS-WER2430,Door Set SAO-WER2430,37.44445666,242,UBX-WER2430,Cabinet Box for WER2430,58.62,342
SAO-WER2436,"Slim Aston Green - Easy Reach Wall Cabinet - 24""W x 36""H x 12""D -2S",656,SAO-DS-WER2436,Door Set SAO-WER2436,42.52598154,248,UBX-WER2436,Cabinet Box for WER2436,65.3,408
SAO-WER2442,"Slim Aston Green - Easy Reach Wall Cabinet - 24""W x 42""H x 12""D -3S",789,SAO-DS-WER2442,Door Set SAO-WER2442,47.64093751,312,UBX-WER2442,Cabinet Box for WER2442,72.02,477
SAO-O338424,"Slim Aston Green - Oven Cabinet - 33""W x 84""H X 24""D - 2D, 3DRW",1939,SAO-DS-O338424,Door Set SAO-O338424,112.4406944,805,UBX-O338424,Cabinet Box for O338424,180.55,1134
SAO-O339024,"Slim Aston Green - Oven Cabinet - 33""W x 90""H X 24""D - 2D, 3DRW, 1S",2033,SAO-DS-O339024,Door Set SAO-O339024,120.4415768,847,UBX-O339024,Cabinet Box for O339024,192.47,1186
SAO-O339624,"Slim Aston Green - Oven Cabinet - 33""W x 96""H X 24""D - 2D, 3DRW, 1S",2214,SAO-DS-O339624,Door Set SAO-O339624,128.4424591,937,UBX-O339624,Cabinet Box for O339624,196.89,1277
SAO-U188424,"Slim Aston Green - Wall Pantry - 18""W x 84""H x 24""D - 2D - 5S",1245,SAO-DS-U188424,Door Set SAO-U188424,74.18992703,567,UBX-U188424,Cabinet Box for U188424,88.3,678
SAO-U189024,"Slim Aston Green - Wall Pantry - 18""W x 90""H x 24""D - 2D - 5S",1286,SAO-DS-U189024,Door Set SAO-U189024,78.91194997,591,UBX-U189024,Cabinet Box for U189024,92.01,695
SAO-U189624,"Slim Aston Green - Wall Pantry - 18""W x 96""H x 24""D - 2D - 5S",1349,SAO-DS-U189624,Door Set SAO-U189624,84.56224074,632,UBX-U189624,Cabinet Box for U189624,95.78,717
SAO-U248424,"Slim Aston Green - Wall Pantry - 24""W x 84""H x 24""D - 4D - 5S",1368,SAO-DS-U248424,Door Set SAO-U248424,102.5774311,622,UBX-U248424,Cabinet Box for U248424,102.55,746
SAO-U249024,"Slim Aston Green - Wall Pantry - 24""W x 90""H x 24""D - 4D - 5S",1478,SAO-DS-U249024,Door Set SAO-U249024,108.9311362,712,UBX-U249024,Cabinet Box for U249024,106.4,766
SAO-U249624,"Slim Aston Green - Wall Pantry - 24""W x 96""H x 24""D - 4D - 5S",1574,SAO-DS-U249624,Door Set SAO-U249624,117.1413771,784,UBX-U249624,Cabinet Box for U249624,110.38,790
SAO-U308424,"Slim Aston Green - Wall Pantry - 30""W x 84""H x 24""D - 4D - 5S",1620,SAO-DS-U308424,Door Set SAO-U308424,119.4771403,689,UBX-U308424,Cabinet Box for U308424,119.44,931
SAO-U309024,"Slim Aston Green - Wall Pantry - 30""W x 90""H x 24""D - 4D - 5S",1731,SAO-DS-U309024,Door Set SAO-U309024,126.9289636,766,UBX-U309024,Cabinet Box for U309024,123.67,965
SAO-U309624,"Slim Aston Green - Wall Pantry - 30""W x 96""H x 24""D - 4D - 5S",1820,SAO-DS-U309624,Door Set SAO-U309624,136.2373225,820,UBX-U309624,Cabinet Box for U309624,128.01,1000
SAO-3VDB12,"Slim Aston Green - Vanity Drawer Base Cabinet - 12""W x 34 1/2""H x 21""D - 3 DRW",644,SAO-DS-3DB12/3VDB12,Door Set SAO-3DB12/3VDB12,24.22159871,195,UBX-3VDB12,Cabinet Box for 3VDB12,75.72,449
SAO-3VDB15,"Slim Aston Green - Vanity Drawer Base Cabinet - 15""W x 34 1/2""H x 21""D - 3 DRW",704,SAO-DS-3DB15/3VDB15,Door Set SAO-3DB15/3VDB15,28.60310325,225,UBX-3VDB15,Cabinet Box for 3VDB15,80.28,479
SAO-3VDB18,"Slim Aston Green - Vanity Drawer Base Cabinet - 18""W x 34 1/2""H x 21""D - 3 DRW",743,SAO-DS-3DB18/3VDB18,Door Set SAO-3DB18/3VDB18,32.98460779,234,UBX-3VDB18,Cabinet Box for 3VDB18,84.84,509
SAO-3VDB21,"Slim Aston Green - Vanity Drawer Base Cabinet - 21""W x 34 1/2""H x 21""D - 3 DRW",809,SAO-DS-3DB21/3VDB21,Door Set SAO-3DB21/3VDB21,37.36611234,279,UBX-3VDB21,Cabinet Box for 3VDB21,89.4,530
SAO-3VDB24,"Slim Aston Green - Vanity Drawer Base Cabinet - 24""W x 34 1/2""H x 21""D - 3 DRW",896,SAO-DS-3DB24/3VDB24,Door Set SAO-3DB24/3VDB24,41.80526826,313,UBX-3VDB24,Cabinet Box for 3VDB24,94.54,583
SAO-V3021TDL,"Slim Aston Green - Vanity Sink Base - 30""W x 34 1/2"" x 21""D - 1 False Front,1D, 2 Left DRW",935,SAO-DS-V3021TDL,Door Set SAO-V3021TDL,54.99035309,329,UBX-V3021TDL,Cabinet Box for V3021TDL,67.4,606
SAO-V3021TDR,"Slim Aston Green - Vanity Sink Base - 30""W x 34 1/2"" x 21""D - 1 False Front,1D, 2 Right DRW",935,SAO-DS-V3021TDR,Door Set SAO-V3021TDR,54.99035309,329,UBX-V3021TDR,Cabinet Box for V3021TDR,67.4,606
SAO-V3321TDL,"Slim Aston Green - Vanity Sink Base - 33""W x 34 1/2"" x 21""D - 1 False Front,1D, 2 Left DRW",974,SAO-DS-V3321TDL,Door Set SAO-V3321TDL,62.76734862,356,UBX-V3321TDL,Cabinet Box for V3321TDL,68.74,618
SAO-V3321TDR,"Slim Aston Green - Vanity Sink Base - 33""W x 34 1/2"" x 21""D - 1 False Front,1D, 2 Right DRW",974,SAO-DS-V3321TDR,Door Set SAO-V3321TDR,62.76734862,356,UBX-V3321TDR,Cabinet Box for V3321TDR,68.74,618
SAO-V3621TDL,"Slim Aston Green - Vanity Sink Base - 36""W x 34 1/2"" x 21""D - 1 False Front,2D, 2 Left DRW",1012,SAO-DS-V3621TDL,Door Set SAO-V3621TDL,66.77804306,382,UBX-V3621TDL,Cabinet Box for V3621TDL,70.24,630
SAO-V3621TDR,"Slim Aston Green - Vanity Sink Base - 36""W x 34 1/2"" x 21""D - 1 False Front,2D, 2 Right DRW",1012,SAO-DS-V3621TDR,Door Set SAO-V3621TDR,66.77804306,382,UBX-V3621TDR,Cabinet Box for V3621TDR,70.24,630
SAO-VS24,"Slim Aston Green - Vanity Sink Base Cabinet - 24""W x 34 1/2""H x 21""D",485,SAO-DS-VS24,Door Set SAO-VS24,43.94632232,292,UBX-VS24,Cabinet Box for VS24,27.09,193
SAO-VS27,"Slim Aston Green - Vanity Sink Base Cabinet - 27""W x 34 1/2""H x 21""D",511,SAO-DS-VS27,Door Set SAO-VS27,47.8519908,308,UBX-VS27,Cabinet Box for VS27,28.72,203
SAO-VS30,"Slim Aston Green - Vanity Sink Base Cabinet - 30""W x 34 1/2""H x 21""D",562,SAO-DS-SB30/VS30,Door Set SAO-SB30/VS30,52.84093231,355,UBX-VS30,Cabinet Box for VS30,30.52,207
SAO-VS33,"Slim Aston Green - Vanity Sink Base Cabinet - 33""W x 34 1/2""H x 21""D",606,SAO-DS-SB33/VS33,Door Set SAO-SB33/VS33,56.74660079,381,UBX-VS33,Cabinet Box for VS33,32.15,225
SAO-VS36,"Slim Aston Green - Vanity Sink Base Cabinet - 36""W x 34 1/2""H x 21""D",632,SAO-DS-SB36/VS36,Door Set SAO-SB36/VS36,60.65226927,414,UBX-VS36,Cabinet Box for VS36,33.78,218
SAO-VSD36,"Slim Aston Green - Vanity Sink Drawer Base Cabinet - 36""W x 34 1/2""H x 21""D - 2 DRW, 2D",842,SAO-DS-VSD36,Door Set SAO-VSD36,61.74790132,411,UBX-VSD36,Cabinet Box for VSD36,59.74,431
SAO-VSD42,"Slim Aston Green - Vanity Sink Drawer Base Cabinet - 42""W x 34 1/2""H x 21""D - 2 DRW, 2D",894,SAO-DS-VSD42,Door Set SAO-VSD42,69.64782149,432,UBX-VSD42,Cabinet Box for VSD42,63.16,462
SAO-VSD48,"Slim Aston Green - Vanity Sink Drawer Base Cabinet - 48""W x 34 1/2""H x 21""D - 2 DRW, 2D",983,SAO-DS-VSD48,Door Set SAO-VSD48,77.49610819,485,UBX-VSD48,Cabinet Box for VSD48,67.71,498
